item-name	item-description	listing-id	seller-sku	price	quantity	open-date	image-url	item-is-marketplace	product-id-type	zshop-shipping-fee	item-note	item-condition	zshop-category1	zshop-browse-path	zshop-storefront-feature	asin1	asin2	asin3	will-ship-internationally	expedited-shipping	zshop-boldface	product-id	bid-for-featured-placement	add-delete	pending-quantity	fulfillment-channel	merchant-shipping-group	status	Minimum order quantity	Sell remainder
Best Quality	Material<p>Dieses Rasiermesser besteht aus Kohlenstoffstahl mit der Werkstoffbezeichnung 1.2210, besser bekannt als Silberstahl. Um eine Härte von circa 61 HRC zu erreichen, wird das Material auf über 1000 Grad erhitzt und anschließend sofort mit einem Spezialöl abgeschreckt. Das darauf folgende Anlassen bei etwa 200 Grad gibt der Klinge Elastizität und Zähigkeit.</p>Griffmaterial<p>PMMA, auch unter dem Namen Acrylglas bekannt, ist ein thermoplastischer Kunststoff. Durch einen aufwendigen Politurvorgang erhält das Material seinen unverkennbaren Glanz und unterstreicht die hochwertige Anmutung der DOVO Rasiermesser. Du musst das Material nicht besonders pflegen, wische Seifenreste und Schmutz einfach mit einem feuchten Tuch ab.</p>Schliff<p>Beim Hohlschliff wird das Rasiermesser vom Rücken zur Schneide hin konkav ausgeschliffen. Diese Bauform verbindet große Flexibilität mit hoher Verwindungssteifigkeit in Längsform. Die Klingendynamik sorgt für eine sanfte Rasur begleitet von einem sehr charakteristischen Klang, der durch das Schwingen des Rasiermessers beim Haarabschnitt ausgelöst wird.</p>Klingenbeschreibung<p>Der Rundkopf ist die klassische Form eines Rasiermessers und wird den meisten Rasiersituation gerecht. Diese Klingenausprägung ist seit Jahrhunderten sehr beliebt, da die bauchige Form sehr sicher im Bereich der Ohren, Nase und Grübchen eingesetzt werden kann. Auch im Falle eines Falles schützt dich der runde Kopf vor Verletzungen.</p>Klingenbreite<p>Rasiermesser in der Größe 5/8 Zoll sind echte Allrounder und können jede Aufgabe rund um die klassische Nassrasur mit Bravour bestehen. Die Klinge ist relativ schwer und kann deshalb ohne großen Druck sanft über deine Haut gleiten. Gleichzeitig ist sie noch wendig genug, um auch technisch anspruchsvollere Passagen rund um Nase, Ohren und Kinn agil bewerkstelligen zu können.</p>	0331YG3C4AU	100581	99	9	31/03/2021 11:14:02 MEST		y	4			11				B001ASQ2K8						4045284007426			0	DEFAULT	Modello Amazon predefinito	Active		
Best Quality	Material<p>Dieses Rasiermesser besteht aus Kohlenstoffstahl mit der Werkstoffbezeichnung 1.2210, besser bekannt als Silberstahl. Um eine Härte von circa 61 HRC zu erreichen, wird das Material auf über 1000 Grad erhitzt und anschließend sofort mit einem Spezialöl abgeschreckt. Das darauf folgende Anlassen bei etwa 200 Grad gibt der Klinge Elastizität und Zähigkeit.</p>Griffmaterial<p>PMMA, auch unter dem Namen Acrylglas bekannt, ist ein thermoplastischer Kunststoff. Durch einen aufwendigen Politurvorgang erhält das Material seinen unverkennbaren Glanz und unterstreicht die hochwertige Anmutung der DOVO Rasiermesser. Du musst das Material nicht besonders pflegen, wische Seifenreste und Schmutz einfach mit einem feuchten Tuch ab.</p>Schliff<p>Beim Hohlschliff wird das Rasiermesser vom Rücken zur Schneide hin konkav ausgeschliffen. Diese Bauform verbindet große Flexibilität mit hoher Verwindungssteifigkeit in Längsform. Die Klingendynamik sorgt für eine sanfte Rasur begleitet von einem sehr charakteristischen Klang, der durch das Schwingen des Rasiermessers beim Haarabschnitt ausgelöst wird.</p>Klingenbeschreibung<p>Der Rundkopf ist die klassische Form eines Rasiermessers und wird den meisten Rasiersituation gerecht. Diese Klingenausprägung ist seit Jahrhunderten sehr beliebt, da die bauchige Form sehr sicher im Bereich der Ohren, Nase und Grübchen eingesetzt werden kann. Auch im Falle eines Falles schützt dich der runde Kopf vor Verletzungen.</p>Klingenbreite<p>Eine breite Klinge eignet sich vor allem für Herren mit starkem Bartwuchs oder dickeren Haaren. Ein Rasiermesser in 6/8 Zoll gleitet unbeirrt auch durch dichteste Gesichtsbehaarung. Der erfahrene Barbier schätzt das hohe Eigengewicht der Klinge und das daraus resultierende ruhige Laufverhalten. Vor allem auf glatten Gesichtspartien erzielst du so eine unerreicht gründlich sowie komfortable Rasur.</p>	0324YZM535G	100681	109	7	24/03/2021 11:54:20 MET		y	4			11				B001B0M8NU						4045284007457			0	DEFAULT	Modello Amazon predefinito	Active		
Best Quality	Material<p>Dieses Rasiermesser besteht aus Kohlenstoffstahl mit der Werkstoffbezeichnung 1.2210, besser bekannt als Silberstahl. Um eine Härte von circa 61 HRC zu erreichen, wird das Material auf über 1000 Grad erhitzt und anschließend sofort mit einem Spezialöl abgeschreckt. Das darauf folgende Anlassen bei etwa 200 Grad gibt der Klinge Elastizität und Zähigkeit.</p>Griffmaterial<p>PMMA, auch unter dem Namen Acrylglas bekannt, ist ein thermoplastischer Kunststoff. Durch einen aufwendigen Politurvorgang erhält das Material seinen unverkennbaren Glanz und unterstreicht die hochwertige Anmutung der DOVO Rasiermesser. Du musst das Material nicht besonders pflegen, wische Seifenreste und Schmutz einfach mit einem feuchten Tuch ab.</p>Schliff<p>Der halbhohle Schliff vereint die individuellen Vorteile des vollhohlen und derben Schliffs. Einerseits weist die Klinge immer noch genug Flexibilität auf, um sich deiner Haut anzupassen und eine sehr sanfte Rasur zu bewerkstelligen, andererseits kann sie es auch bestens mit festeren Bartstoppeln oder starkem Bartwuchs aufnehmen.</p>Klingenbeschreibung<p>Der Rundkopf ist die klassische Form eines Rasiermessers und wird den meisten Rasiersituation gerecht. Diese Klingenausprägung ist seit Jahrhunderten sehr beliebt, da die bauchige Form sehr sicher im Bereich der Ohren, Nase und Grübchen eingesetzt werden kann. Auch im Falle eines Falles schützt dich der runde Kopf vor Verletzungen.</p>Klingenbreite<p>Rasiermesser in der Größe 5/8 Zoll sind echte Allrounder und können jede Aufgabe rund um die klassische Nassrasur mit Bravour bestehen. Die Klinge ist relativ schwer und kann deshalb ohne großen Druck sanft über deine Haut gleiten. Gleichzeitig ist sie noch wendig genug, um auch technisch anspruchsvollere Passagen rund um Nase, Ohren und Kinn agil bewerkstelligen zu können.</p>	0405YQ9RIHB	101581	89	6	05/04/2021 17:22:20 MEST		y	4			11				B000ZXB8YY						4045284007518			0	DEFAULT	Modello Amazon predefinito	Active		
Forestal	Material<p>Dieses Rasiermesser besteht aus Kohlenstoffstahl mit der Werkstoffbezeichnung 1.2210, besser bekannt als Silberstahl. Um eine Härte von circa 61 HRC zu erreichen, wird das Material auf über 1000 Grad erhitzt und anschließend sofort mit einem Spezialöl abgeschreckt. Das darauf folgende Anlassen bei etwa 200 Grad gibt der Klinge Elastizität und Zähigkeit. Die Ornamente entstehen durch eine Beschichtung mit 24 karätigem Gold.</p>Griffmaterial<p>Rotholz eignet sich vortrefflich zur Herstellung eines Rasiermesserhefts. Dieses natürliche Material ist hart genug, um auch in einer feuchten Umgebung seine Form zu halten und die geringen Fertigungstoleranzen zu bewahren. Das seidenmatt polierte Holz liefert ein einzigartiges Farbspiel und die schimmernden Rottöne werden deine Blicke auf sich ziehen.</p>Schliff<p>Beim Hohlschliff wird das Rasiermesser vom Rücken zur Schneide hin konkav ausgeschliffen. Diese Bauform verbindet große Flexibilität mit hoher Verwindungssteifigkeit in Längsform. Die Klingendynamik sorgt für eine sanfte Rasur begleitet von einem sehr charakteristischen Klang, der durch das Schwingen des Rasiermessers beim Haarabschnitt ausgelöst wird.</p>Klingenbeschreibung<p>Der Rundkopf ist die klassische Form eines Rasiermessers und wird den meisten Rasiersituation gerecht. Diese Klingenausprägung ist seit Jahrhunderten sehr beliebt, da die bauchige Form sehr sicher im Bereich der Ohren, Nase und Grübchen eingesetzt werden kann. Auch im Falle eines Falles schützt dich der runde Kopf vor Verletzungen.</p>Klingenbreite<p>Rasiermesser in der Größe 5/8 Zoll sind echte Allrounder und können jede Aufgabe rund um die klassische Nassrasur mit Bravour bestehen. Die Klinge ist relativ schwer und kann deshalb ohne großen Druck sanft über deine Haut gleiten. Gleichzeitig ist sie noch wendig genug, um auch technisch anspruchsvollere Passagen rund um Nase, Ohren und Kinn agil bewerkstelligen zu können.</p>	0405YQ821V2	1165831	159	7	05/04/2021 17:22:09 MEST		y	4			11				B078B5PS8L						4045284008799			0	DEFAULT	Modello Amazon predefinito	Active		
Special	Material<p>Dieses Rasiermesser besteht aus Kohlenstoffstahl mit der Werkstoffbezeichnung 1.2210, besser bekannt als Silberstahl. Um eine Härte von circa 61 HRC zu erreichen, wird das Material auf über 1000 Grad erhitzt und anschließend sofort mit einem Spezialöl abgeschreckt. Das darauf folgende Anlassen bei etwa 200 Grad gibt der Klinge Elastizität und Zähigkeit. Die Ornamente entstehen durch eine Beschichtung mit 24 karätigem Gold.</p>Griffmaterial<p>Schon seit der Antike wird das teure Schildpatt zur Herstellung von exquisiter Kunst und Mobiliar verwendet. Früher wurde es fast mit Gold aufgewogen und schmückt seither unzählige Königshöfe. Um die vom Aussterben bedrohte Schildkröte zu schützen, arbeiten wir ausschließlich mit einem Imitat aus seidenmatt poliertem Acrylglas.</p>Schliff<p>Beim Hohlschliff wird das Rasiermesser vom Rücken zur Schneide hin konkav ausgeschliffen. Diese Bauform verbindet große Flexibilität mit hoher Verwindungssteifigkeit in Längsform. Die Klingendynamik sorgt für eine sanfte Rasur begleitet von einem sehr charakteristischen Klang, der durch das Schwingen des Rasiermessers beim Haarabschnitt ausgelöst wird.</p>Klingenbeschreibung<p>Der Rundkopf ist die klassische Form eines Rasiermessers und wird den meisten Rasiersituation gerecht. Diese Klingenausprägung ist seit Jahrhunderten sehr beliebt, da die bauchige Form sehr sicher im Bereich der Ohren, Nase und Grübchen eingesetzt werden kann. Auch im Falle eines Falles schützt dich der runde Kopf vor Verletzungen.</p>Klingenbreite<p>Rasiermesser in der Größe 5/8 Zoll sind echte Allrounder und können jede Aufgabe rund um die klassische Nassrasur mit Bravour bestehen. Die Klinge ist relativ schwer und kann deshalb ohne großen Druck sanft über deine Haut gleiten. Gleichzeitig ist sie noch wendig genug, um auch technisch anspruchsvollere Passagen rund um Nase, Ohren und Kinn agil bewerkstelligen zu können.</p>	0324YZPL6MC	1516580	139	14	24/03/2021 12:00:24 MET		y	4			11				B0028BDLTQ						4045284007815			0	DEFAULT	Modello Amazon predefinito	Active		
DOVO Abziehriemen 185	Leder<p>Für unsere Riemen verwenden wir ausschließlich vegetabil gegerbtes Rindleder. Diese auch unter dem Namen „Altgerben” bekannte Technik bereitet das Rindleder optimal auf die Nutzung als Streichriemen vor. Das Besondere an diesem Leder ist, dass es keine Vernarbungen oder Unebenheiten aufweist und daher mit seiner weichen Oberfläche perfekt zum Abziehen von Rasiermessern geeignet ist.</p>	0405YQ3PW3V	18535001	55	10	05/04/2021 17:07:50 MEST		y	4			11				B002VRUEWO						4045284009239			0	DEFAULT	Modello Amazon predefinito	Active		
DOVO Spannschraubriemen 186	Leder<p>Für unsere Riemen verwenden wir ausschließlich vegetabil gegerbtes Rindleder. Diese auch unter dem Namen „Altgerben” bekannte Technik bereitet das Rindleder optimal auf die Nutzung als Streichriemen vor. Das Besondere an diesem Leder ist, dass es keine Vernarbungen oder Unebenheiten aufweist und daher mit seiner weichen Oberfläche perfekt zum Abziehen von Rasiermessern geeignet ist.</p>	0405YQ3UQ36	186210011	75	5	05/04/2021 17:07:11 MEST		y	4			11				B074CQMV8W						4045284010365			0	DEFAULT	Modello Amazon predefinito	Active		
DOVO Shavette Edelstahl	Material<p>Diese Shavette wird aus Edelstahl gefertigt. Das Metall zeigt gute Korrosionsbeständigkeit gegen Seifen, Wasser sowie Wasserdampf und ist daher ideal für die Herstellung von hochwertigen Kosmetikprodukten geeignet. Wenn du lieber mit etwas schwereren Wechselklingenmessern arbeitest, dann solltest du zu diesem Modell greifen. Das polierte Finish macht die Shavette zu einem absoluten Blickfang.</p>Griffmaterial<p>Das Heft dieser Shavette haben wir aus rostfreiem Edelstahl gefertigt. Dieses Material ist ausgesprochen korrosionsbeständig gegen Wasser, Wasserdampf und Luftfeuchtigkeit. So ist es bestens für den Einsatz als Wechselklingenmesser geeignet. Die Mattierung sorgt dafür, dass du die Shavette auch mit feuchten Händen sicher greifen kannst. Darüber hinaus hilft dir das erhöhte Gewicht dabei, die Klinge mühelos über dein Gesicht gleiten zu lassen.</p>Lieferumfang<p>SHAVETTE 201006 <br> 2 Rasierklingenhalter transparent <br> MERKUR SUPER Klinge <br> Kunststoffhülle</p>	0324YZI2R45	201006	38	8	24/03/2021 12:45:20 MET		y	4			11				B001QJTYVA						4045284009338			0	DEFAULT	Modello Amazon predefinito	Active		
DOVO Shavette Ebenholz	Material<p>Diese Shavette wird aus Edelstahl gefertigt. Das Metall zeigt gute Korrosionsbeständigkeit gegen Seifen, Wasser sowie Wasserdampf und ist daher ideal für die Herstellung von hochwertigen Kosmetikprodukten geeignet. Wenn du lieber mit etwas schwereren Wechselklingenmessern arbeitest, dann solltest du zu diesem Modell greifen. Das polierte Finish macht die Shavette zu einem absoluten Blickfang.</p>Griffmaterial<p>Ebenholz zählt zu den wertvollsten Hölzern der Erde. Es ist ausgesprochen hart und schwer. Daher eignet es sich vortrefflich zur Herstellung eines hochwertigen Griffes. Seine Struktur ermöglicht es dem Holz, auch in feuchter Umgebung seine Form zu halten und nicht aufzuquellen. Mehrere Schleifdurchgänge sind nötig, um die seidenweiche Oberfläche zu erschaffen.</p>Lieferumfang<p>DOVO Shavette 201061 <br> 2 Rasierklingenhalter transparent <br> MERKUR SUPER Klinge <br> Metallbox blau</p>	0324YZI68SP	201061	55	7	24/03/2021 12:54:36 MET		y	4			11				B07CKK86C3						4045284010372			0	DEFAULT	Modello Amazon predefinito	Active		
DOVO Shavette Olivenholz	Material<p>Diese Shavette fertigen wir aus hochwertigem Aluminium. Durch das verwendete Eloxal-Verfahren wird die oberste Metallschicht verändert und erhält neben der edlen Materialanmutung auch korrosionsresistente Eigenschaften. Aluminium ist aufgrund der geringen Dichte ein wahres Leichtgewicht, was zu der einzigartigen Gewichtsverteilung dieser Shavette führt.</p>Griffmaterial<p>Olivenholz ist ein einzigartiger Werkstoff der Natur. Es ist härter als heimisches Eichen- oder Buchenholz und zeigt dabei eine hohe Widerstandsfähigkeit vor Schimmelbefall. Selbst unbehandelte Olive zeichnet sich schon durch eine überdurchschnittliche Resistenz gegenüber Wasser aus, was es natürlich zum perfekten Material für Rasiermesser, Rasierpinsel und Shavetten macht.</p>Lieferumfang<p>DOVO Shavette 201071 <br> 2 Rasierklingenhalter transparent <br> MERKUR SUPER Klinge <br> Metalbox blau</p>	0324YZOY5FY	201071	55	10	24/03/2021 12:57:18 MET		y	4			11				B01CG9KJCG						4045284010273			0	DEFAULT	Modello Amazon predefinito	Active		
DOVO Shavette	Material<p>Diese Shavette fertigen wir aus hochwertigem Aluminium. Durch das verwendete Eloxal-Verfahren wird die oberste Metallschicht verändert und erhält neben der edlen Materialanmutung auch korrosionsresistente Eigenschaften. Aluminium ist aufgrund der geringen Dichte ein wahres Leichtgewicht, was zu der einzigartigen Gewichtsverteilung dieser Shavette führt.</p>Griffmaterial<p>Polyamid ist ein thermoplastischer Kunststoff. Er zeichnet sich durch herausragende Festigkeit und chemische Beständigkeit aus. Aufgrund des geringen Gewichts ist es sehr gut für eine Shavette geeignet. So kannst du sie auch bequem auf langen Reisen oder kurzen Wochenendtrips dabei haben und musst nicht auf eine hochwertige Rasur verzichten.</p>Lieferumfang<p>SHAVETTE 201081 <br> 2 Rasierklingenhalter transparent <br> MERKUR SUPER Klinge <br> Kunststoffhülle</p>	0324YZT2HG4	201081	29	14	24/03/2021 12:59:21 MET		y	4			11				B009ZQHIWI						4045284009376			0	DEFAULT	Modello Amazon predefinito	Active		
DOVO Shavette	Material<p>Diese Shavette fertigen wir aus hochwertigem Aluminium. Durch das verwendete Eloxal-Verfahren wird die oberste Metallschicht verändert und erhält neben der edlen Materialanmutung auch korrosionsresistente Eigenschaften. Aluminium ist aufgrund der geringen Dichte ein wahres Leichtgewicht, was zu der einzigartigen Gewichtsverteilung dieser Shavette führt.</p>Griffmaterial<p>Das Heft dieser Shavette haben wir aus rostfreiem Edelstahl gefertigt. Dieses Material ist ausgesprochen korrosionsbeständig gegen Wasser, Wasserdampf und Luftfeuchtigkeit. So ist es bestens für den Einsatz als Wechselklingenmesser geeignet. Die Mattierung sorgt dafür, dass du die Shavette auch mit feuchten Händen sicher greifen kannst. Darüber hinaus hilft dir das erhöhte Gewicht dabei, die Klinge mühelos über dein Gesicht gleiten zu lassen.</p>Lieferumfang<p>SHAVETTE 201087 <br> 2 Rasierklingenhalter transparent <br> MERKUR SUPER Klinge <br> Kunststoffhülle</p>	0324YZR6T6C	201087	33	13	24/03/2021 12:59:45 MET		y	4			11				B002A8QUKY						4045284009390			0	DEFAULT	Modello Amazon predefinito	Active		
DOVO Haarschere 20	Material<p>Dieses Instrument ist aus Edelstahl der Sorte 1.4034 gefertigt. Die Metalllegierung zeigt gute Korrosionsbeständigkeit gegen Seife oder Wasserdampf und ist daher ideal für die Herstellung hochwertiger Scheren geeignet. Darüber hinaus verfügt das Material über eine gute Schnitthaltigkeit und lässt sich präzise schleifen. Die mattierte Oberfläche fühlt sich ausgesprochen wertig an und kann auch mit feuchten Händen noch sicher gegriffen werden.</p>Schliff<p>Diese DOVO Schere ist mit unserem einseitig gezahnten Handschliff ausgestattet. Durch das Abziehen der Schneide auf einer Platte entsteht eine feine Riffelung. Diese Struktur hindert Haare, Barthaare, Fingernägel oder Nagelhaut dabei, von der Schneidkante abzurutschen. Daraus ergibt sich eine herausragend exakte und sichere Schnittführung.</p>Klingenbeschreibung<p>Bei Haar- und Bartscheren hat sich die Konstruktion mit einem bündigen Schliff als besonders vorteilhaft etabliert. Im Detail bedeutet das, dass die Scherenbecken vorne nicht spitz, sondern abgerundet sind. Das minimiert das Verletzungsrisiko und ist bei der Nutzung von Scheren im Gesichtsbereich zu empfehlen.</p>	0401YJ48HR6	20706	82.8	7	01/04/2021 13:53:43 MEST		y	4			11				B0032QG1CA						4045284000328			0	DEFAULT	Modello Amazon predefinito	Active		
Apex	Material<p>Dieses Rasiermesser besteht aus Kohlenstoffstahl mit der Werkstoffbezeichnung 1.2210, besser bekannt als Silberstahl. Um eine Härte von circa 61 HRC zu erreichen, wird das Material auf über 1000 Grad erhitzt und anschließend sofort mit einem Spezialöl abgeschreckt. Das darauf folgende Anlassen bei etwa 200 Grad gibt der Klinge Elastizität und Zähigkeit. Die Ornamente entstehen durch eine Beschichtung mit 24 karätigem Gold.</p>Griffmaterial<p>Ebenholz zählt zu den wertvollsten Hölzern der Erde. Es ist ausgesprochen hart und schwer. Daher eignet es sich vortrefflich zur Herstellung eines hochwertigen Griffes. Seine Struktur ermöglicht es dem Holz, auch in feuchter Umgebung seine Form zu halten und nicht aufzuquellen. Mehrere Schleifdurchgänge sind nötig, um die seidenweiche Oberfläche zu erschaffen.</p>Schliff<p>Beim Hohlschliff wird das Rasiermesser vom Rücken zur Schneide hin konkav ausgeschliffen. Diese Bauform verbindet große Flexibilität mit hoher Verwindungssteifigkeit in Längsform. Die Klingendynamik sorgt für eine sanfte Rasur begleitet von einem sehr charakteristischen Klang, der durch das Schwingen des Rasiermessers beim Haarabschnitt ausgelöst wird.</p>Klingenbeschreibung<p>Bei einem Rasiermesser mit klassischem Gradkopf endet die Schneide direkt vorne an der Spitze des Messers im 90°-Winkel. Mit etwas Übung erreichst du so formidable Ergebnisse sowohl beim exakten Formen von Konturen, als auch beim Ausrasieren von Grübchen. Eine solche Klingenausprägung ermöglicht dir absolute Präzision, sollte aber nur von erfahrenen Nutzern verwendet werden.</p>Klingenbreite<p>Rasiermesser in der Größe 5/8 Zoll sind echte Allrounder und können jede Aufgabe rund um die klassische Nassrasur mit Bravour bestehen. Die Klinge ist relativ schwer und kann deshalb ohne großen Druck sanft über deine Haut gleiten. Gleichzeitig ist sie noch wendig genug, um auch technisch anspruchsvollere Passagen rund um Nase, Ohren und Kinn agil bewerkstelligen zu können.</p>	0317YIK8NCI	255831	129	3	17/03/2021 13:35:55 MET		y	4			11				B0756TWLZJ						4045284007976			0	DEFAULT	Modello Amazon predefinito	Active		
Bismarck	Material<p>Dieses Rasiermesser besteht aus Kohlenstoffstahl mit der Werkstoffbezeichnung 1.2210, besser bekannt als Silberstahl. Um eine Härte von circa 61 HRC zu erreichen, wird das Material auf über 1000 Grad erhitzt und anschließend sofort mit einem Spezialöl abgeschreckt. Das darauf folgende Anlassen bei etwa 200 Grad gibt der Klinge Elastizität und Zähigkeit. Die Ornamente entstehen durch eine Beschichtung mit 24 karätigem Gold.</p>Griffmaterial<p>Natürliche Perlen werden schon seit über 7000 Jahren als kostbares Kleinod gehandelt. Der seidenmatte Glanz, kombiniert mit einem einmaligen Farbspiel machen sie bis heute zu einem gefragten Rohstoff bei der Schmuckproduktion. Aus ethischen Gründen arbeiten wir ausnahmslos mit einem Perlen-Imitat aus Acrylglas. Ausgewählte Fertigungsprozesse ermöglichen es das bekannte Kolorit perfekt zu replizieren.</p>Schliff<p>Beim Hohlschliff wird das Rasiermesser vom Rücken zur Schneide hin konkav ausgeschliffen. Diese Bauform verbindet große Flexibilität mit hoher Verwindungssteifigkeit in Längsform. Die Klingendynamik sorgt für eine sanfte Rasur begleitet von einem sehr charakteristischen Klang, der durch das Schwingen des Rasiermessers beim Haarabschnitt ausgelöst wird.</p>Klingenbeschreibung<p>Der Rundkopf ist die klassische Form eines Rasiermessers und wird den meisten Rasiersituation gerecht. Diese Klingenausprägung ist seit Jahrhunderten sehr beliebt, da die bauchige Form sehr sicher im Bereich der Ohren, Nase und Grübchen eingesetzt werden kann. Auch im Falle eines Falles schützt dich der runde Kopf vor Verletzungen.</p>Klingenbreite<p>Eine breite Klinge eignet sich vor allem für Herren mit starkem Bartwuchs oder dickeren Haaren. Ein Rasiermesser in 6/8 Zoll gleitet unbeirrt auch durch dichteste Gesichtsbehaarung. Der erfahrene Barbier schätzt das hohe Eigengewicht der Klinge und das daraus resultierende ruhige Laufverhalten. Vor allem auf glatten Gesichtspartien erzielst du so eine unerreicht gründlich sowie komfortable	0324YZHCTIB	26820	149	9	24/03/2021 11:42:17 MET		y	4			11				B008JAGNLS						4045284008300			0	DEFAULT	Modello Amazon predefinito	Active		
DOVO rasoio a mano libera Barbarossa - Rasoio dritto in acciaio al carbonio - 5/8 di pollice - testa spagnola - retro a punta - molatura completa - DOVO Solingen rasoio barbiere		0317YITNZ6C	305870	130	7	17/03/2021 13:33:46 MET		y	4			11				B07RWMG8M3						4045284008898			0	DEFAULT	Modello Amazon predefinito	Active		
Bergischer Löwe	Material<p>Dieses Rasiermesser besteht aus Kohlenstoffstahl mit der Werkstoffbezeichnung 1.2210, besser bekannt als Silberstahl. Um eine Härte von circa 61 HRC zu erreichen, wird das Material auf über 1000 Grad erhitzt und anschließend sofort mit einem Spezialöl abgeschreckt. Das darauf folgende Anlassen bei etwa 200 Grad gibt der Klinge Elastizität und Zähigkeit. Die Ornamente entstehen durch eine Beschichtung mit 24 karätigem Gold.</p>Griffmaterial<p>Rinderhorn ist ein besonders edles Material und daher bestens geeignet, um daraus das Heft des BERGISCHEN LÖWEN zu formen. Jedes Griffteil weist eine individuelle Maserung und ein einzigartiges Farbspiel auf. In einem aufwändigen Verfahren wird das afrikanische Horn in Form gebracht, um in einem weiteren Arbeitsschritt aufwendig geschliffen zu werden. Zuletzt wird das Unikat mehrfach feinpoliert.</p>Schliff<p>Beim Hohlschliff wird das Rasiermesser vom Rücken zur Schneide hin konkav ausgeschliffen. Diese Bauform verbindet große Flexibilität mit hoher Verwindungssteifigkeit in Längsform. Die Klingendynamik sorgt für eine sanfte Rasur begleitet von einem sehr charakteristischen Klang, der durch das Schwingen des Rasiermessers beim Haarabschnitt ausgelöst wird.</p>Klingenbeschreibung<p>Der Spanischen Kopf ist eine aufwendig gestaltete Kopfform von Rasiermessern. Das Besondere an diesem Kopf ist, dass er konkav mit einer leicht runden Spitze geformt wird. Diese Rundung erleichtert das Rasieren auch von komplexen Passagen rund um Ohren, Nase und Grübchen. Eine solche Bauart bietet dir hohe Präzision ohne dabei auf ein Mindestmaß an Sicherheit verzichten zu müssen.</p>Klingenbreite<p>Rasiermesser in der Größe 5/8 Zoll sind echte Allrounder und können jede Aufgabe rund um die klassische Nassrasur mit Bravour bestehen. Die Klinge ist relativ schwer und kann deshalb ohne großen Druck sanft über deine Haut gleiten. Gleichzeitig ist sie noch wendig genug, um auch technisch anspruchsvollere Passagen rund um Nase, Ohren und Kinn ag	0317YIPFBDT	3580	290	4	17/03/2021 14:42:30 MET		y	4			11				B002A8N3EA						4045284007020			0	DEFAULT	Modello Amazon predefinito	Active		
DOVO Hautschere 379	Material<p>Dieses Instrument ist aus Edelstahl der Sorte 1.4034 gefertigt. Die Metalllegierung zeigt gute Korrosionsbeständigkeit gegen Seife oder Wasserdampf und ist daher ideal für die Herstellung hochwertiger Scheren geeignet. Darüber hinaus verfügt das Material über eine gute Schnitthaltigkeit und lässt sich präzise schleifen. Die mattierte Oberfläche fühlt sich ausgesprochen wertig an und kann auch mit feuchten Händen noch sicher gegriffen werden.</p>Schliff<p>DOVO Scheren werden vorwiegend in Handarbeit gefertigt. Eine Herausforderung bei der Herstellung hochwertiger Scheren entsteht unter anderem aus der präzisen Abrichtung der Scherenblätter. Damit auch hier minimale Fertigungstoleranzen gewährleistet werden können, versehen unsere erfahrenen Schleifer jede Schere mit einem handgeführten Schliff an Schneide und Spitze.</p>Klingenbeschreibung<p>Eine gebogene Scherenspitze ist ausgezeichnet für die Maniküre geeignet. Die sanfte Biegung hilft dir dabei, beim Schnitt der natürlich runden Form deiner Nägel und Nagelhäute zu folgen. So vermeidest du Ecken und Kanten und musst weniger Zeit in die Nachbearbeitung mit der Nagelfeile stecken. Eine runde Sache!</p>	0405YQ9MQ3W	379356	38.99	3	05/04/2021 17:06:57 MEST		y	4			11				B004GV655S						4045284004630			0	DEFAULT	Modello Amazon predefinito	Active		
Dovo-385,006 Klipette-Rasoio per naso/orecchie, in acciaio Inox satinato		0405YQ7YAAR	385006	31.85	7	05/04/2021 17:06:41 MEST		y	4			11				B000IB0G1Y						4045284009437			0	DEFAULT	Modello Amazon predefinito	Active		
DOVO Inox	Material<p>Dieses Rasiermesser ist aus Edelstahl der Sorte 1.4034 gefertigt. Das Metall zeigt gute Korrosionsbeständigkeit gegen Seifen, Wasser sowie Wasserdampf und ist daher ideal für die Herstellung von hochwertigen und superscharfen Klingen geeignet. Die moderne Metalllegierung ist kaum pflegebedürftig, leicht zu reinigen und somit besonders für Neueinsteiger zu empfehlen. Die Ornamente entstehen durch eine Beschichtung mit 24 karätigem Gold.</p>Griffmaterial<p>Olivenholz ist ein einzigartiger Werkstoff der Natur. Es ist härter als heimisches Eichen- oder Buchenholz und zeigt dabei eine hohe Widerstandsfähigkeit vor Schimmelbefall. Selbst unbehandelte Olive zeichnet sich schon durch eine überdurchschnittliche Resistenz gegenüber Wasser aus, was es natürlich zum perfekten Material für Rasiermesser, Rasierpinsel und Shavetten macht.</p>Schliff<p>Beim Hohlschliff wird das Rasiermesser vom Rücken zur Schneide hin konkav ausgeschliffen. Diese Bauform verbindet große Flexibilität mit hoher Verwindungssteifigkeit in Längsform. Die Klingendynamik sorgt für eine sanfte Rasur begleitet von einem sehr charakteristischen Klang, der durch das Schwingen des Rasiermessers beim Haarabschnitt ausgelöst wird.</p>Klingenbeschreibung<p>Der Rundkopf ist die klassische Form eines Rasiermessers und wird den meisten Rasiersituation gerecht. Diese Klingenausprägung ist seit Jahrhunderten sehr beliebt, da die bauchige Form sehr sicher im Bereich der Ohren, Nase und Grübchen eingesetzt werden kann. Auch im Falle eines Falles schützt dich der runde Kopf vor Verletzungen.</p>Klingenbreite<p>Rasiermesser in der Größe 5/8 Zoll sind echte Allrounder und können jede Aufgabe rund um die klassische Nassrasur mit Bravour bestehen. Die Klinge ist relativ schwer und kann deshalb ohne großen Druck sanft über deine Haut gleiten. Gleichzeitig ist sie noch wendig genug, um auch technisch anspruchsvollere Passagen rund um Nase, Ohren und Kinn agil bewerkstelligen zu können.</p>	0318YMQNA93	415875	159	8	18/03/2021 22:21:59 MET		y	4			11				B000Q85OIE						4045284007242			0	DEFAULT	Modello Amazon predefinito	Active		
DOVO Inox	Material<p>Dieses Rasiermesser ist aus Edelstahl der Sorte 1.4034 gefertigt. Das Metall zeigt gute Korrosionsbeständigkeit gegen Seifen, Wasser sowie Wasserdampf und ist daher ideal für die Herstellung von hochwertigen und superscharfen Klingen geeignet. Die moderne Metalllegierung ist kaum pflegebedürftig, leicht zu reinigen und somit besonders für Neueinsteiger zu empfehlen. Die Ornamente entstehen durch eine Beschichtung mit 24 karätigem Gold.</p>Griffmaterial<p>PMMA, auch unter dem Namen Acrylglas bekannt, ist ein thermoplastischer Kunststoff. Durch einen aufwendigen Politurvorgang erhält das Material seinen unverkennbaren Glanz und unterstreicht die hochwertige Anmutung der DOVO Rasiermesser. Du musst das Material nicht besonders pflegen, wische Seifenreste und Schmutz einfach mit einem feuchten Tuch ab.</p>Schliff<p>Ein derb geschliffenes Rasiermesser wird unter Kennern und erfahrenen Barbieren auch gerne als Beil bezeichnet. Die Klinge ist relativ starr und stellt ihre Vorteile nicht nur beim Schneiden von Haaren in Kombination mit einem Kamm, sondern auch beim sicheren Ausrasieren von Konturen zur Schau.</p>Klingenbeschreibung<p>Ein Rasiermesser mit Französischem Kopf zeichnet sich durch den viertelkreisförmigen, leicht gerundeten Übergang des Kopfes hin zur Klinge aus. Dies hat vor allem beim Ausrasieren deiner Bartkonturen den Vorteil, dass du mit der Klingenspitze millimetergenau arbeiten kannst. Aus dem Grund ist eine solche Klingenausprägung gerade bei professionellen Barbieren sehr beliebt.</p>Klingenbreite<p>Rasiermesser mit einer Klingenbreite von 3/8 Zoll spielen ihre individuellen Stärken an komplexen Gesichtspartien aus. Durch die schmale Messerbreite kann im Bereich rund um Nase und Ohren besonders leicht manövriert werden. Außerdem kann die Schneide an diesen Stellen exakt im optimalen Schneidwinkel angesetzt werden.</p>	0317YISMCDL	42385	109	8	17/03/2021 14:15:01 MET		y	4			11				B002X5UDJS						4045284007327			0	DEFAULT	Modello Amazon predefinito	Active		
DOVO Bartschere 43 Moustache	Material<p>Dieses Instrument ist aus Edelstahl der Sorte 1.4034 gefertigt. Die Metalllegierung zeigt gute Korrosionsbeständigkeit gegen Seife oder Wasserdampf und ist daher ideal für die Herstellung hochwertiger Scheren geeignet. Darüber hinaus verfügt das Material über eine gute Schnitthaltigkeit und lässt sich präzise schleifen. Die mattierte Oberfläche fühlt sich ausgesprochen wertig an und kann auch mit feuchten Händen noch sicher gegriffen werden.</p>Schliff<p>Diese DOVO Schere ist mit unserem einseitig gezahnten Handschliff ausgestattet. Durch das Abziehen der Schneide auf einer Platte entsteht eine feine Riffelung. Diese Struktur hindert Haare, Barthaare, Fingernägel oder Nagelhaut dabei, von der Schneidkante abzurutschen. Daraus ergibt sich eine herausragend exakte und sichere Schnittführung.</p>Klingenbeschreibung<p>Bei Haar- und Bartscheren hat sich die Konstruktion mit einem bündigen Schliff als besonders vorteilhaft etabliert. Im Detail bedeutet das, dass die Scherenbecken vorne nicht spitz, sondern abgerundet sind. Das minimiert das Verletzungsrisiko und ist bei der Nutzung von Scheren im Gesichtsbereich zu empfehlen.</p>	0405YQBIDWI	43456	53	4	05/04/2021 17:04:38 MEST		y	4			11				B00H1CSWIC						4045284006344			0	DEFAULT	Modello Amazon predefinito	Active		
DOVO Stickschere 44	Material<p>Dieses Instrument ist aus Edelstahl der Sorte 1.4034 gefertigt. Die Metalllegierung zeigt gute Korrosionsbeständigkeit gegen Seife oder Wasserdampf und ist daher ideal für die Herstellung hochwertiger Scheren geeignet. Darüber hinaus verfügt das Material über eine gute Schnitthaltigkeit und lässt sich präzise schleifen. Die mattierte Oberfläche fühlt sich ausgesprochen wertig an und kann auch mit feuchten Händen noch sicher gegriffen werden.</p>Schliff<p>DOVO Scheren werden vorwiegend in Handarbeit gefertigt. Eine Herausforderung bei der Herstellung hochwertiger Scheren entsteht unter anderem aus der präzisen Abrichtung der Scherenblätter. Damit auch hier minimale Fertigungstoleranzen gewährleistet werden können, versehen unsere erfahrenen Schleifer jede Schere mit einem handgeführten Schliff an Schneide und Spitze.</p>Klingenbeschreibung<p>Die Problematik beim Sticken entsteht oft dadurch, dass man das Werk nur schwer mit einer herkömmlichen Schere erreicht. Damit dich widerspenstige Sprungfäden und Fadenreste nicht zur Weißglut treiben, ist diese Schere mit zwei spitz zulaufenden Klingen und einer scharfen Spitze konstruiert. So kannst du sehr präzise arbeiten und es sollte wieder alles wie am Schnürchen laufen!</p>Leder<p>Wir verwenden für dieses Produkt ausschließlich Rindleder. Die Stabilität und Zugfestigkeit eignet sich hervorragend für die Herstellung hochwertiger und langlebiger Erzeugnisse. Gerne kannst du das Leder von Zeit zu Zeit mit einem Pflegemittel behandeln, um den natürlichen Geruch und die Flexibilität über Jahre hinweg aufrecht zu halten.</p>	0405YQ3REDG	44350026	38	8	05/04/2021 17:03:20 MEST		y	4			11				B00ZRXS5K2						4045284005064			0	DEFAULT	Modello Amazon predefinito	Active		
DOVO Stickschere 44 Hardanger	Material<p>Dieses Instrument ist aus Edelstahl der Sorte 1.4034 gefertigt. Die Metalllegierung zeigt gute Korrosionsbeständigkeit gegen Seife oder Wasserdampf und ist daher ideal für die Herstellung hochwertiger Scheren geeignet. Darüber hinaus verfügt das Material über eine gute Schnitthaltigkeit und lässt sich präzise schleifen. Die mattierte Oberfläche fühlt sich ausgesprochen wertig an und kann auch mit feuchten Händen noch sicher gegriffen werden.</p>Schliff<p>DOVO Scheren werden vorwiegend in Handarbeit gefertigt. Eine Herausforderung bei der Herstellung hochwertiger Scheren entsteht unter anderem aus der präzisen Abrichtung der Scherenblätter. Damit auch hier minimale Fertigungstoleranzen gewährleistet werden können, versehen unsere erfahrenen Schleifer jede Schere mit einem handgeführten Schliff an Schneide und Spitze.</p>Klingenbeschreibung<p>Solltest du an einer Hardanger-Durchbruchstickerei arbeiten, kennst du dich bestens mit den Problemen einer zu massiven Scherenspitze aus. Um diese Arbeiten zu erleichtern, bieten wir hier ein höchst spezialisiertes Modell an: Die 10mm schmale, eingesetzte Spitze eignet sich hervorragend für ein solches Aufgabenfeld und kann ebenso zum Abtrennen feiner Fäden verwendet werden.</p>Leder<p>Wir verwenden für dieses Produkt ausschließlich Rindleder. Die Stabilität und Zugfestigkeit eignet sich hervorragend für die Herstellung hochwertiger und langlebiger Erzeugnisse. Gerne kannst du das Leder von Zeit zu Zeit mit einem Pflegemittel behandeln, um den natürlichen Geruch und die Flexibilität über Jahre hinweg aufrecht zu halten.</p>	0405YQCLB5S	44350526	40.8	9	05/04/2021 17:02:45 MEST		y	4			11				B01KEJ5TSO						4045284006399			0	DEFAULT	Modello Amazon predefinito	Active		
DOVO Bart-/Nasenhaarschere 44	Material<p>Dieses Instrument ist aus Edelstahl der Sorte 1.4034 gefertigt. Die Metalllegierung zeigt gute Korrosionsbeständigkeit gegen Seife oder Wasserdampf und ist daher ideal für die Herstellung hochwertiger Scheren geeignet. Darüber hinaus verfügt das Material über eine gute Schnitthaltigkeit und lässt sich präzise schleifen. Die mattierte Oberfläche fühlt sich ausgesprochen wertig an und kann auch mit feuchten Händen noch sicher gegriffen werden.</p>Schliff<p>DOVO Scheren werden vorwiegend in Handarbeit gefertigt. Eine Herausforderung bei der Herstellung hochwertiger Scheren entsteht unter anderem aus der präzisen Abrichtung der Scherenblätter. Damit auch hier minimale Fertigungstoleranzen gewährleistet werden können, versehen unsere erfahrenen Schleifer jede Schere mit einem handgeführten Schliff an Schneide und Spitze.</p>Klingenbeschreibung<p>Infektionen und Verletzungen im Naseninnenraum können nicht nur unangenehm sein, sondern auch gefährlich. Die Nase besitzt eine empfindliche Nasenschleimhaut und dünne Äderchen, die mit einer spitzen Spitze schnell verletzt werden können. Die Kugelspitze ist eine besonders sichere Form der Klingenenden, die dich vor solchen Gefahren schützt. Die sogenannte Kugelspitze ist vorne stumpf und großzügig abgerundet, sodass du verletzungsfrei und sorgenfrei arbeiten kannst.</p>	0405YPZ7UFE	44406	38.3	9	05/04/2021 14:34:57 MEST		y	4			11				B005DSFT8M						4045284005156			0	DEFAULT	Modello Amazon predefinito	Active		
Prima	Material<p>Dieses Rasiermesser besteht aus Kohlenstoffstahl mit der Werkstoffbezeichnung 1.2210, besser bekannt als Silberstahl. Um eine Härte von circa 61 HRC zu erreichen, wird das Material auf über 1000 Grad erhitzt und anschließend sofort mit einem Spezialöl abgeschreckt. Das darauf folgende Anlassen bei etwa 200 Grad gibt der Klinge Elastizität und Zähigkeit. Die Ornamente entstehen durch eine Beschichtung mit 24 karätigem Gold.</p>Griffmaterial<p>Ebenholz zählt zu den wertvollsten Hölzern der Erde. Es ist ausgesprochen hart und schwer. Daher eignet es sich vortrefflich zur Herstellung eines hochwertigen Griffes. Seine Struktur ermöglicht es dem Holz, auch in feuchter Umgebung seine Form zu halten und nicht aufzuquellen. Mehrere Schleifdurchgänge sind nötig, um die seidenweiche Oberfläche zu erschaffen.</p>Schliff<p>Beim Hohlschliff wird das Rasiermesser vom Rücken zur Schneide hin konkav ausgeschliffen. Diese Bauform verbindet große Flexibilität mit hoher Verwindungssteifigkeit in Längsform. Die Klingendynamik sorgt für eine sanfte Rasur begleitet von einem sehr charakteristischen Klang, der durch das Schwingen des Rasiermessers beim Haarabschnitt ausgelöst wird.</p>Klingenbeschreibung<p>Der Rundkopf ist die klassische Form eines Rasiermessers und wird den meisten Rasiersituation gerecht. Diese Klingenausprägung ist seit Jahrhunderten sehr beliebt, da die bauchige Form sehr sicher im Bereich der Ohren, Nase und Grübchen eingesetzt werden kann. Auch im Falle eines Falles schützt dich der runde Kopf vor Verletzungen.</p>Klingenbreite<p>Rasiermesser in der Größe 5/8 Zoll sind echte Allrounder und können jede Aufgabe rund um die klassische Nassrasur mit Bravour bestehen. Die Klinge ist relativ schwer und kann deshalb ohne großen Druck sanft über deine Haut gleiten. Gleichzeitig ist sie noch wendig genug, um auch technisch anspruchsvollere Passagen rund um Nase, Ohren und Kinn agil bewerkstelligen zu können.</p>	0317YIXZY4Q	4580	129	6	17/03/2021 14:40:08 MET		y	4			11				B000Q85OHK						4045284007037			0	DEFAULT	Modello Amazon predefinito	Active		
Dovo – Pinzetta in acciaio inox punte oblique 491356		0405YQ7XBB5	491356	16.2	7	05/04/2021 17:02:19 MEST		y	4			11				B004GV659O						4045284017401			0	DEFAULT	Modello Amazon predefinito	Active		
DOVO Modellierschere 50	Material<p>Dieses Instrument ist aus Edelstahl der Sorte 1.4034 gefertigt. Die Metalllegierung zeigt gute Korrosionsbeständigkeit gegen Seife oder Wasserdampf und ist daher ideal für die Herstellung hochwertiger Scheren geeignet. Darüber hinaus verfügt das Material über eine gute Schnitthaltigkeit und lässt sich präzise schleifen. Die mattierte Oberfläche fühlt sich ausgesprochen wertig an und kann auch mit feuchten Händen noch sicher gegriffen werden.</p>Schliff<p>Der Prismenschliff erlaubt dem Nutzer das präzise Ausdünnen von Haaren. Da bei diesem Schliff die Gegenseite einen glatten Schliff besitzt, wird knapp die Hälfte der Haare geschnitten. Die Prismenfräsung des gezahnten Scherenblattes erfolgt bei uns unter minimalen Fertigungstoleranzen und wird nur von unseren erfahrensten Mitarbeitern ausgeführt.</p>	0405YQCUYQB	5040546	65.3	10	05/04/2021 17:01:22 MEST		y	4			11				B003SPBA30						4045284000427			0	DEFAULT	Modello Amazon predefinito	Active		
DOVO Modellierschere 50	Material<p>Dieses Instrument ist aus Edelstahl der Sorte 1.4034 gefertigt. Die Metalllegierung zeigt gute Korrosionsbeständigkeit gegen Seife oder Wasserdampf und ist daher ideal für die Herstellung hochwertiger Scheren geeignet. Darüber hinaus verfügt das Material über eine gute Schnitthaltigkeit und lässt sich präzise schleifen. Die mattierte Oberfläche fühlt sich ausgesprochen wertig an und kann auch mit feuchten Händen noch sicher gegriffen werden.</p>Schliff<p>Der Prismenschliff erlaubt dem Nutzer das präzise Ausdünnen von Haaren. Da bei diesem Schliff die Gegenseite einen glatten Schliff besitzt, wird knapp die Hälfte der Haare geschnitten. Die Prismenfräsung des gezahnten Scherenblattes erfolgt bei uns unter minimalen Fertigungstoleranzen und wird nur von unseren erfahrensten Mitarbeitern ausgeführt.</p>	0405YQ9LD26	5046656	78.9	3	05/04/2021 17:01:09 MEST		y	4			11				B003UGWJAU						4045284000465			0	DEFAULT	Modello Amazon predefinito	Active		
Astrale	Material<p>Dieses Rasiermesser besteht aus Kohlenstoffstahl mit der Werkstoffbezeichnung 1.2210, besser bekannt als Silberstahl. Um eine Härte von circa 61 HRC zu erreichen, wird das Material auf über 1000 Grad erhitzt und anschließend sofort mit einem Spezialöl abgeschreckt. Das darauf folgende Anlassen bei etwa 200 Grad gibt der Klinge Elastizität und Zähigkeit. Die Ornamente entstehen durch eine Beschichtung mit 24 karätigem Gold.</p>Griffmaterial<p>Ebenholz zählt zu den wertvollsten Hölzern der Erde. Es ist ausgesprochen hart und schwer. Daher eignet es sich vortrefflich zur Herstellung eines hochwertigen Griffes. Seine Struktur ermöglicht es dem Holz, auch in feuchter Umgebung seine Form zu halten und nicht aufzuquellen. Mehrere Schleifdurchgänge sind nötig, um die seidenweiche Oberfläche zu erschaffen.</p>Schliff<p>Beim Hohlschliff wird das Rasiermesser vom Rücken zur Schneide hin konkav ausgeschliffen. Diese Bauform verbindet große Flexibilität mit hoher Verwindungssteifigkeit in Längsform. Die Klingendynamik sorgt für eine sanfte Rasur begleitet von einem sehr charakteristischen Klang, der durch das Schwingen des Rasiermessers beim Haarabschnitt ausgelöst wird.</p>Klingenbeschreibung<p>Der Rundkopf ist die klassische Form eines Rasiermessers und wird den meisten Rasiersituation gerecht. Diese Klingenausprägung ist seit Jahrhunderten sehr beliebt, da die bauchige Form sehr sicher im Bereich der Ohren, Nase und Grübchen eingesetzt werden kann. Auch im Falle eines Falles schützt dich der runde Kopf vor Verletzungen.</p>Klingenbreite<p>Rasiermesser in der Größe 5/8 Zoll sind echte Allrounder und können jede Aufgabe rund um die klassische Nassrasur mit Bravour bestehen. Die Klinge ist relativ schwer und kann deshalb ohne großen Druck sanft über deine Haut gleiten. Gleichzeitig ist sie noch wendig genug, um auch technisch anspruchsvollere Passagen rund um Nase, Ohren und Kinn agil bewerkstelligen zu können.</p>	0324YZJSOV2	558130	149	9	24/03/2021 11:56:10 MET		y	4			11				B003WA85S4						4045284007167			0	DEFAULT	Modello Amazon predefinito	Active		
DOVO Bartplegeset 575	Beschreibung<p>Im edlen Rindlederetui erwartet dich der MERKUR 23C zusammen mit zehn MERKUR SUPER Klingen. Dieser Hobel ist für seine hautschonende Rasur bekannt. Daneben ist die DOVO Bart- und Nasenhaarschere angeordnet. Mit ihr trimmst du deine Barthaare und sorgst so für geregelte Verhältnisse. Den Kamm benutzt du täglich zum Reinigen und Strukturieren des Bartes.</p>Lieferumfang<p>Lederetui- Rindleder braun <br> MERKUR 23 C 90.23.001 <br> Blister MERKUR SUPER Klingen (10 Stück) 90910010 <br> DOVO Bart-/Nasenhaarschere 44406 <br> Bartkamm 386050 <br> Microfaser Tuch</p>	0405YQ7WFBC	575056	165.7	3	05/04/2021 16:59:03 MEST		y	4			11				B00OZQR7CO						4045284026038			0	DEFAULT	Modello Amazon predefinito	Active		
MERKUR Rasierpinsel	Material<p>Dieser Rasierpinsel ist aus echtem Silberspitz Dachszupf gefertigt. Schon seit Jahrhunderten werden daraus die hochwertigsten Pinsel hergestellt. Du erkennst es am „Spiegel”, dem klar gezeichneten schwarzen Band auf silbergrauem Haar. Der Silvertip nimmt besonders viel Wasser auf und verhilft deinem Rasierschaum zu einer besonders cremigen Konsistenz.</p>Griffmaterial<p>Aluminium zeichnet sich als Werkstoff besonders durch seine Zähigkeit und Verarbeitungsqualität aus. Dieses Material ist ausgesprochen korrosionsbeständig gegen Wasser, Wasserdampf und Luftfeuchtigkeit und daher bestens zur Herstellung von Rasierpinselgriffen geeignet. Dank der hochwertigen Oberflächenveredelung wird das Produkt zu einem absoluten Highlight in jedem Badezimmer.</p>	0405YQAR8UW	90120011	125	3	05/04/2021 16:58:12 MEST		y	4			11				B0096O8QCU						4045284012796			0	DEFAULT	Modello Amazon predefinito	Active		
MERKUR Rasierpinsel	Material<p>Dieser Rasierpinsel ist aus echtem Silberspitz Dachszupf gefertigt. Schon seit Jahrhunderten werden daraus die hochwertigsten Pinsel hergestellt. Du erkennst es am „Spiegel”, dem klar gezeichneten schwarzen Band auf silbergrauem Haar. Der Silvertip nimmt besonders viel Wasser auf und verhilft deinem Rasierschaum zu einer besonders cremigen Konsistenz.</p>Griffmaterial<p>Aluminium zeichnet sich als Werkstoff besonders durch seine Zähigkeit und Verarbeitungsqualität aus. Dieses Material ist ausgesprochen korrosionsbeständig gegen Wasser, Wasserdampf und Luftfeuchtigkeit und daher bestens zur Herstellung von Rasierpinselgriffen geeignet. Dank der hochwertigen Oberflächenveredelung wird das Produkt zu einem absoluten Highlight in jedem Badezimmer.</p>	0405YQ3YJGR	90138001	115	1	05/04/2021 17:23:05 MEST		y	4			11				B004XQX5AE						4045284012482			0	DEFAULT	Modello Amazon predefinito	Active		
Merkur Rasoio di sicurezza - 1 pezzo	Material<p>Der Kopf des Hobels wird im Zinkdruckgussverfahren gefertigt, da so sehr exakte Fertigungstoleranzen und komplexe Formen möglich sind. Um für eine angenehme Gewichtsverteilung zu sorgen, verwenden wir beim Griffstück ausschließlich Messing. Das Chromfinish schützt den Rasierer vor Korrosion und unterstreicht das hochwertige Design.</p>Klingenbeschreibung<p>Bei dieser Konstruktion liegt die Rasierklinge direkt auf dem offenen Zahnkamm auf. Die grobe Zahnung leitet der Klinge den Weg und fixiert sie sicher am Rasierkopf. Gerade bei langen Haaren oder einem besonders hohen und starken Bartwuchs ist eine solche Bauart von Vorteil, da der Kopf kaum von abgeschnittenen Haaren oder Seifenresten verstopft werden kann.</p>	0405YQ20HK3	9015001	32.9	7	05/04/2021 14:34:44 MEST		y	4			11				B002CLL85Q						4045284011072			0	DEFAULT	Modello Amazon predefinito	Active		
Merkur 20.011 Rasoio, Nero Cromo	Material<p>Der Kopf des Hobels wird im Zinkdruckgussverfahren gefertigt, da so sehr exakte Fertigungstoleranzen und komplexe Formen möglich sind. Das Griffstück besteht aus schwarz eloxiertem Aluminium und Messing, sodass der Rasierer nicht nur über eine besondere Optik verfügt, sondern auch vortrefflich in der Hand liegt. Die galvanische Beschichtung schützt ihn vor Korrosion und rundet das Design ab.</p>Klingenbeschreibung<p>Ein Rasierhobel mit geschlossenem Kamm ist der Alleskönner rund um die klassische Nassrasur. Intuitiv wirst du den richtigen Anstellwinkel deines Hobels erfühlen und sofort beste Rasurergebnisse bewundern können. Der großzügige Klingenspalt ermöglicht hohen Seifendurchfluss und schützt dadurch den Rasierkopf vor der Verstopfung mit abgeschnittenen Haaren oder Schaumresten.</p>	0405YQCXZ9J	9020011	42.9	14	05/04/2021 16:57:54 MEST		y	4			11				B005DSGUEO						4045284012772			0	DEFAULT	Modello Amazon predefinito	Active		
MERKUR Rasierset 2081	Beschreibung<p>Zu einem echten Hingucker in deinem Badezimmer wird dieses Rasierset durch den hochglanz-verchromten Rasierständer. Hier ist der MERKUR 20C immer bestens aufgeräumt. Auch den mitgelieferten Rasierpinsel kannst du daran zum Trocknen aufhängen. Eine passende Klinge für den Rasierhobel ist ebenfalls im Set enthalten, damit du gleich loslegen kannst!</p>Lieferumfang<p>Rasierhobel / Rasierpinselständer glanzverchromt <br> Rasierhobel MERKUR 20C <br> Rasierpinsel <br> MERKUR SUPER Klinge</p>	0405YQAZXWY	902081001	199	1	05/04/2021 16:56:30 MEST		y	4			11				B00755JT5U						4045284012819			0	DEFAULT	Modello Amazon predefinito	Active		
Merkur 23.001, Rasoio manuale con manico lungo, design cromato	Material<p>Der Kopf des Hobels wird im Zinkdruckgussverfahren gefertigt, da so sehr exakte Fertigungstoleranzen und komplexe Formen möglich sind. Um für eine angenehme Gewichtsverteilung zu sorgen, verwenden wir beim Griffstück ausschließlich Messing. Das Chromfinish schützt den Rasierer vor Korrosion und unterstreicht das hochwertige Design.</p>Klingenbeschreibung<p>Ein Rasierhobel mit geschlossenem Kamm ist der Alleskönner rund um die klassische Nassrasur. Intuitiv wirst du den richtigen Anstellwinkel deines Hobels erfühlen und sofort beste Rasurergebnisse bewundern können. Der großzügige Klingenspalt ermöglicht hohen Seifendurchfluss und schützt dadurch den Rasierkopf vor der Verstopfung mit abgeschnittenen Haaren oder Schaumresten.</p>	0405YQ8B14P	9023001	33.9	4	05/04/2021 17:23:35 MEST		y	4			11				B00374F5CY						4045284011096			0	DEFAULT	Modello Amazon predefinito	Active		
MERKUR 23 black	Material<p>Der Kopf des Hobels wird im Zinkdruckgussverfahren gefertigt, da so sehr exakte Fertigungstoleranzen und komplexe Formen möglich sind. Um für eine angenehme Gewichtsverteilung zu sorgen, verwenden wir beim Griffstück ausschließlich Messing. Die galvanische Beschichtung ergänzen wir noch mit einer edlen, schwarzen PVD Behandlung.</p>Klingenbeschreibung<p>Ein Rasierhobel mit geschlossenem Kamm ist der Alleskönner rund um die klassische Nassrasur. Intuitiv wirst du den richtigen Anstellwinkel deines Hobels erfühlen und sofort beste Rasurergebnisse bewundern können. Der großzügige Klingenspalt ermöglicht hohen Seifendurchfluss und schützt dadurch den Rasierkopf vor der Verstopfung mit abgeschnittenen Haaren oder Schaumresten.</p>	0405YQ3NLZR	9023011	59	14	05/04/2021 16:55:46 MEST		y	4			11				B07V4N8VP3						4045284032008			0	DEFAULT	Modello Amazon predefinito	Active		
MERKUR Rasierer 24C	Material<p>Der Kopf des Hobels wird im Zinkdruckgussverfahren gefertigt, da so sehr exakte Fertigungstoleranzen und komplexe Formen möglich sind. Um für eine angenehme Gewichtsverteilung zu sorgen, verwenden wir beim Griffstück ausschließlich Messing. Das Chromfinish schützt den Rasierer vor Korrosion und unterstreicht das hochwertige Design.</p>Klingenbeschreibung<p>Ein Rasierhobel mit geschlossenem Kamm ist der Alleskönner rund um die klassische Nassrasur. Intuitiv wirst du den richtigen Anstellwinkel deines Hobels erfühlen und sofort beste Rasurergebnisse bewundern können. Der großzügige Klingenspalt ermöglicht hohen Seifendurchfluss und schützt dadurch den Rasierkopf vor der Verstopfung mit abgeschnittenen Haaren oder Schaumresten.</p>	0405YQAQ4CY	9024001	34.9	3	05/04/2021 16:55:34 MEST		y	4			11				B07RQSQNMP						4045284032015			0	DEFAULT	Modello Amazon predefinito	Active		
MERKUR Rasierer 24G	Material<p>Der Kopf des Hobels wird im Zinkdruckgussverfahren gefertigt, da so sehr exakte Fertigungstoleranzen und komplexe Formen möglich sind. Um für eine angenehme Gewichtsverteilung zu sorgen, verwenden wir beim Griffstück ausschließlich Messing. Das Chromfinish schützt den Rasierer vor Korrosion und unterstreicht das hochwertige Design.</p>Klingenbeschreibung<p>Ein Rasierhobel mit geschlossenem Kamm ist der Alleskönner rund um die klassische Nassrasur. Intuitiv wirst du den richtigen Anstellwinkel deines Hobels erfühlen und sofort beste Rasurergebnisse bewundern können. Der großzügige Klingenspalt ermöglicht hohen Seifendurchfluss und schützt dadurch den Rasierkopf vor der Verstopfung mit abgeschnittenen Haaren oder Schaumresten.</p>	0401YJ5HIL1	9024003	57.9	5	01/04/2021 13:53:43 MEST		y	4			11				B0851LHYPV						4045284032039			0	DEFAULT	Modello Amazon predefinito	Active		
9025001 Merkur - Rasoio con pettine (manico lungo), design cromato	Material<p>Der Kopf des Hobels wird im Zinkdruckgussverfahren gefertigt, da so sehr exakte Fertigungstoleranzen und komplexe Formen möglich sind. Um für eine angenehme Gewichtsverteilung zu sorgen, verwenden wir beim Griffstück ausschließlich Messing. Das Chromfinish schützt den Rasierer vor Korrosion und unterstreicht das hochwertige Design.</p>Klingenbeschreibung<p>Bei dieser Konstruktion liegt die Rasierklinge direkt auf dem offenen Zahnkamm auf. Die grobe Zahnung leitet der Klinge den Weg und fixiert sie sicher am Rasierkopf. Gerade bei langen Haaren oder einem besonders hohen und starken Bartwuchs ist eine solche Bauart von Vorteil, da der Kopf kaum von abgeschnittenen Haaren oder Seifenresten verstopft werden kann.</p>	0405YQ7VC20	9025001	34.9	11	05/04/2021 16:54:50 MEST		y	4			11				B004VBISXU						4045284011102			0	DEFAULT	Modello Amazon predefinito	Active		
MERKUR Rasierer 33C	Material<p>Der Kopf des Hobels wird im Zinkdruckgussverfahren gefertigt, da so sehr exakte Fertigungstoleranzen und komplexe Formen möglich sind. Um für eine angenehme Gewichtsverteilung zu sorgen, verwenden wir beim Griffstück ausschließlich Messing. Das Chromfinish schützt den Rasierer vor Korrosion und unterstreicht das hochwertige Design.</p>Klingenbeschreibung<p>Ein Rasierhobel mit geschlossenem Kamm ist der Alleskönner rund um die klassische Nassrasur. Intuitiv wirst du den richtigen Anstellwinkel deines Hobels erfühlen und sofort beste Rasurergebnisse bewundern können. Der großzügige Klingenspalt ermöglicht hohen Seifendurchfluss und schützt dadurch den Rasierkopf vor der Verstopfung mit abgeschnittenen Haaren oder Schaumresten.</p>	0405YQ7UV45	9033001	31.9	12	05/04/2021 16:54:07 MEST		y	4			11				B0048FREHA						4045284011119			0	DEFAULT	Modello Amazon predefinito	Active		
Merkur Rasoio di Sicurezza - 120 gr	Material<p>Der Kopf des Hobels wird im Zinkdruckgussverfahren gefertigt, da so sehr exakte Fertigungstoleranzen und komplexe Formen möglich sind. Um für eine angenehme Gewichtsverteilung zu sorgen, verwenden wir beim Griffstück ausschließlich Messing. Die galvanische Beschichtung ergänzen wir noch mit einer edlen 24 karätigen Vergoldung.</p>Klingenbeschreibung<p>Ein Rasierhobel mit geschlossenem Kamm ist der Alleskönner rund um die klassische Nassrasur. Intuitiv wirst du den richtigen Anstellwinkel deines Hobels erfühlen und sofort beste Rasurergebnisse bewundern können. Der großzügige Klingenspalt ermöglicht hohen Seifendurchfluss und schützt dadurch den Rasierkopf vor der Verstopfung mit abgeschnittenen Haaren oder Schaumresten.</p>	0405YQ0NSK4	9034003	55.9	7	05/04/2021 14:34:27 MEST		y	4			11				B002CLJ8KS						4045284011140			0	DEFAULT	Modello Amazon predefinito	Active		
Merkur 38C Barber Pole Rasoio a manico lungo, con lama di sicurezza	Material<p>Der Kopf des Hobels wird im Zinkdruckgussverfahren gefertigt, da so sehr exakte Fertigungstoleranzen und komplexe Formen möglich sind. Um für eine angenehme Gewichtsverteilung zu sorgen, verwenden wir beim Griffstück ausschließlich Messing. Das Chromfinish schützt den Rasierer vor Korrosion und unterstreicht das hochwertige Design.</p>Klingenbeschreibung<p>Ein Rasierhobel mit geschlossenem Kamm ist der Alleskönner rund um die klassische Nassrasur. Intuitiv wirst du den richtigen Anstellwinkel deines Hobels erfühlen und sofort beste Rasurergebnisse bewundern können. Der großzügige Klingenspalt ermöglicht hohen Seifendurchfluss und schützt dadurch den Rasierkopf vor der Verstopfung mit abgeschnittenen Haaren oder Schaumresten.</p>	0405YQ7XBQ9	9038001	51.9	15	05/04/2021 16:52:37 MEST		y	4			11				B002RBGYXW						4045284012413			0	DEFAULT	Modello Amazon predefinito	Active		
Merkur Rasoio di sicurezza - 1 pezzo	Material<p>Der Kopf des Hobels wird im Zinkdruckgussverfahren gefertigt, da so sehr exakte Fertigungstoleranzen und komplexe Formen möglich sind. Um für eine angenehme Gewichtsverteilung zu sorgen, verwenden wir beim Griffstück ausschließlich Messing. Das Chromfinish schützt den Rasierer vor Korrosion und unterstreicht das hochwertige Design.</p>Klingenbeschreibung<p>Torsionshobel zeichnen sich dadurch aus, dass Kamm und Deckel entlang der Längsachse gegeneinander verdreht sind. Die Klinge ist dadurch sehr starr und erhält einen spitzeren Anstellwinkel. Mit etwas Konzentration angewendet, erreichst du außerordentliche Rasurergebnisse. Der recht große Klingenspalt des geschlossen Kopfes ermöglicht guten Seifendurchfluss und kann nur schwer verstopfen.</p>	0405YQ0LGWX	9039001	52.9	13	05/04/2021 14:34:04 MEST		y	4			11				B002CLH5MG						4045284012475			0	DEFAULT	Modello Amazon predefinito	Active		
Merkur Chrome Razor & Brush Stand (90 4002 001)		0405YQCSPJ8	904002001	52.9	1	05/04/2021 16:51:18 MEST		y	4			11				B00A7SBUOA						4045284012802			0	DEFAULT	Modello Amazon predefinito	Active		
Merkur Rasoio di sicurezza - 1 pezzo	Material<p>Der Kopf des Hobels wird im Zinkdruckgussverfahren gefertigt, da so sehr exakte Fertigungstoleranzen und komplexe Formen möglich sind. Um für eine angenehme Gewichtsverteilung zu sorgen, verwenden wir beim Griffstück ausschließlich Messing. Das Chromfinish schützt den Rasierer vor Korrosion und unterstreicht das hochwertige Design.</p>Klingenbeschreibung<p>Ein Rasierhobel mit geschlossenem Kamm ist der Alleskönner rund um die klassische Nassrasur. Intuitiv wirst du den richtigen Anstellwinkel deines Hobels erfühlen und sofort beste Rasurergebnisse bewundern können. Der großzügige Klingenspalt ermöglicht hohen Seifendurchfluss und schützt dadurch den Rasierkopf vor der Verstopfung mit abgeschnittenen Haaren oder Schaumresten.</p>	0405YQ9JSGK	9042001	26.9	6	05/04/2021 16:50:44 MEST		y	4			11				B0036XOA2M						4045284011201			0	DEFAULT	Modello Amazon predefinito	Active		
MERKUR Rasierer 500 Progress	Material<p>Der Kopf des Hobels wird im Zinkdruckgussverfahren gefertigt, da so sehr exakte Fertigungstoleranzen und komplexe Formen möglich sind. Um für eine angenehme Gewichtsverteilung zu sorgen, verwenden wir beim Griffstück ausschließlich Messing. Das Chromfinish schützt den Rasierer vor Korrosion und unterstreicht das hochwertige Design.</p>Klingenbeschreibung<p>Durch die Möglichkeit der Rotation am Griff wird der Abstand der Klinge zum Kamm justiert und die Gründlichkeit der Rasur auf die ganz persönlichen Vorlieben angepasst. Dank der Nummerierung findest du deine bevorzugte Stellung problemlos wieder. So hast du beispielsweise die Möglichkeit, lange Haare mit einem großen Klingenspalt zu bearbeiten, während die tägliche Gesichtsrasur mit einer sanften Klingeneinstellung bewerkstelligt werden kann.</p>	0405YQ3K6GR	90500001	61.9	17	05/04/2021 16:48:27 MEST		y	4			11				B002MTU0TS						4045284011225			0	DEFAULT	Modello Amazon predefinito	Active		
Merkur Progress 510 - Rasoio a manico lungo, con lama di sicurezza	Material<p>Der Kopf des Hobels wird im Zinkdruckgussverfahren gefertigt, da so sehr exakte Fertigungstoleranzen und komplexe Formen möglich sind. Um für eine angenehme Gewichtsverteilung zu sorgen, verwenden wir beim Griffstück ausschließlich Messing. Das Chromfinish schützt den Rasierer vor Korrosion und unterstreicht das hochwertige Design.</p>Klingenbeschreibung<p>Durch die Möglichkeit der Rotation am Griff wird der Abstand der Klinge zum Kamm justiert und die Gründlichkeit der Rasur auf die ganz persönlichen Vorlieben angepasst. Dank der Nummerierung findest du deine bevorzugte Stellung problemlos wieder. So hast du beispielsweise die Möglichkeit, lange Haare mit einem großen Klingenspalt zu bearbeiten, während die tägliche Gesichtsrasur mit einer sanften Klingeneinstellung bewerkstelligt werden kann.</p>	0405YQ3JKJ6	90510001	72.9	11	05/04/2021 16:47:39 MEST		y	4			11				B0047Z7RNM						4045284012574			0	DEFAULT	Modello Amazon predefinito	Active		
Rasatura Set Duo clip 4 pezzi – mattverchromt – Merkur Solingen – 2320		0405YQ7RK75	90750002	310	1	05/04/2021 16:46:22 MEST		y	4			11				B004XU6E4Y						4045284011850			0	DEFAULT	Modello Amazon predefinito	Active		
MERKUR Rasierset FUTUR 751	Beschreibung<p>Dieses wunderschöne Set kommt mit allem, was du für den Start benötigst: Neben dem MERKUR FUTUR in verchromter Ausführung inklusive Rasierklinge, erhält du ebenfalls einen Rasierpinsel bestehend aus echtem Silberspitz. Deinen Rasierschaum schlägst du im beigelegten Tiegel auf. Danach ordnest du alles übersichtlich im mitgelieferten Ständer an.</p>Lieferumfang<p>MERKUR FUTUR 90701002 glanzverchromt Glas-Rasierschaumschale (Tigel) <br> Rasierpinsel Silberspitz, Alu glanzverchromt ( 901700002 n. im Shop) <br> Ständer für Pinsel <br> Schale und MERKUR Futur glanzverchromt <br> MERKUR SUPER Klinge <br> Kurzanleitung <br> Reinigungshinweis</p>	0405YQ3FJFQ	90751001	310	2	05/04/2021 16:46:03 MEST		y	4			11				B002VS3Q7I						4045284011874			0	DEFAULT	Modello Amazon predefinito	Active		
Merkur rasoio per baffi/Sopracciglia	Material<p>Der Kopf des Hobels wird im Zinkdruckgussverfahren gefertigt, da so sehr exakte Fertigungstoleranzen und komplexe Formen möglich sind. Um für eine angenehme Gewichtsverteilung zu sorgen, verwenden wir beim Griffstück ausschließlich Messing. Das Chromfinish schützt den Rasierer vor Korrosion und unterstreicht das hochwertige Design.</p>Klingenbeschreibung<p>Ein Rasierhobel mit geschlossenem Kamm ist der Alleskönner rund um die klassische Nassrasur. Intuitiv wirst du den richtigen Anstellwinkel deines Hobels erfühlen und sofort beste Rasurergebnisse bewundern können. Der großzügige Klingenspalt ermöglicht hohen Seifendurchfluss und schützt dadurch den Rasierkopf vor der Verstopfung mit abgeschnittenen Haaren oder Schaumresten.</p>	0405YQ8M5DP	90907000	27.9	7	05/04/2021 16:45:06 MEST		y	4			11				B0043BW5OG						4045284012123			0	DEFAULT	Modello Amazon predefinito	Active		
MERKUR Rasierset 933	Material<p>Der Kopf des Hobels wird im Zinkdruckgussverfahren gefertigt, da so sehr exakte Fertigungstoleranzen und komplexe Formen möglich sind. Um für eine angenehme Gewichtsverteilung zu sorgen, verwenden wir beim Griffstück ausschließlich Messing. Das Chromfinish schützt den Rasierer vor Korrosion und unterstreicht das hochwertige Design.</p>Klingenbeschreibung<p>Ein Rasierhobel mit geschlossenem Kamm ist der Alleskönner rund um die klassische Nassrasur. Intuitiv wirst du den richtigen Anstellwinkel deines Hobels erfühlen und sofort beste Rasurergebnisse bewundern können. Der großzügige Klingenspalt ermöglicht hohen Seifendurchfluss und schützt dadurch den Rasierkopf vor der Verstopfung mit abgeschnittenen Haaren oder Schaumresten.</p>Lieferumfang<p>MERKUR 933 <br> MERKUR SUPER Klinge <br> Ledertetui</p>	0405YQ66LL5	90933000	42.9	10	05/04/2021 15:02:32 MEST		y	4			11				B008BMTYCY						4045284012185			0	DEFAULT	Modello Amazon predefinito	Active		
Rasierpinsel Acryl schwarz	Material<p>Feines Dachshaar ist etwas fester als der klassische Silberspitz, du findest aber auch das charakteristische schwarze Band inmitten der beigen Haare. Diese Pinsel stellen einen tollen Kompromiss dar, wenn du weiches Haar bevorzugst aber dennoch einen gewissen Massageeffekt beim Auftragen des Rasierschaums erreichen willst.</p>Griffmaterial<p>PMMA, auch unter dem Namen Acrylglas bekannt, ist ein thermoplastischer Kunststoff. Durch einen aufwendigen Politurvorgang erhält das Material seinen unverkennbaren Glanz und unterstreicht die hochwertige Anmutung der DOVO Rasierpinsel. Du musst das Material nicht besonders pflegen, wische Seifenreste und Schmutz einfach mit einem feuchten Tuch ab.</p>Lieferumfang<p>DOVO Rasierpinsel Feines Dachshaar <br> Faltschachtel</p>	0401YJ5HIKC	918052	75	7	01/04/2021 13:53:43 MEST		y	4			11				B004XKD672						4045284009598			0	DEFAULT	Modello Amazon predefinito	Active		
Reise-Rasierpinsel	Material<p>Dieser Rasierpinsel ist aus echtem Silberspitz Dachszupf gefertigt. Schon seit Jahrhunderten werden daraus die hochwertigsten Pinsel hergestellt. Du erkennst es am „Spiegel”, dem klar gezeichneten schwarzen Band auf silbergrauem Haar. Der Silvertip nimmt besonders viel Wasser auf und verhilft deinem Rasierschaum zu einer besonders cremigen Konsistenz.</p>Griffmaterial<p>Der Griff dieses Rasierpinsels ist aus rostfreiem Edelstahl gefertigt. Damit musst du dir keine Sorgen über Rost oder Korrosion machen. Die Masse des Werkstoffs sorgt für eine perfekte Gewichtsverteilung zwischen Griff und Naturhaar. Unsere präzisen Fertigungstoleranzen stellen sicher, dass der Pinsel auch nach Jahren noch seinen Zweck als zerlegbarer Reise-Rasierpinsel erfüllt.</p>	0405YQ7R3C6	918096	99	2	05/04/2021 16:42:11 MEST		y	4			11				B0019LMCN2						4045284009604			0	DEFAULT	Modello Amazon predefinito	Active		
Rasierpinsel Olivenholz	Material<p>Reines Dachshaar ist fester als feines Dachshaar oder der Silberspitz. Die braun- beigen Haare nehmen zur Spitze hin einen etwas dunkleren Farbton an. Diese Haarqualität sichert den größten Massageeffekt und entspannt die Haut beim Auftragen des Rasierschaums. Sie schlagen einen sämigen Schaum auf und bereiten dich so perfekt auf die Nassrasur vor.</p>Griffmaterial<p>Olivenholz ist ein einzigartiger Werkstoff der Natur. Es ist härter als heimisches Eichen- oder Buchenholz und zeigt dabei eine hohe Widerstandsfähigkeit vor Schimmelbefall. Selbst unbehandelte Olive zeichnet sich schon durch eine überdurchschnittliche Resistenz gegenüber Wasser aus, was es natürlich zum perfekten Material für Rasiermesser, Rasierpinsel und Shavetten macht.</p>	0401YJ7B8IE	918106	69	4	01/04/2021 13:53:43 MEST		y	4			11				B00CSWGNAY						4045284010136			0	DEFAULT	Modello Amazon predefinito	Active		
Rasierpinsel Ebenholz fibre ®	Material<p>Dieser aus einer Kunstfaser hergestellte Rasierpinsel ist in der Handhabung kaum vom echten Silberspitz zu unterscheiden. Du kannst einen besonders cremigen Schaum aufschlagen und diesen ausgesprochen sanft auf deine Haut auftragen. Genau wie einen Naturhaarpinsel wäschst du ihn nach der Rasur einfach aus und lässt ihn trocknen. Auch für Veganer geeignet.</p>Griffmaterial<p>Ebenholz zählt zu den wertvollsten Hölzern der Erde. Es ist ausgesprochen hart und schwer. Daher eignet es sich vortrefflich zur Herstellung eines hochwertigen Griffes. Seine Struktur ermöglicht es dem Holz, auch in feuchter Umgebung seine Form zu halten und nicht aufzuquellen. Mehrere Schleifdurchgänge sind nötig, um die seidenweiche Oberfläche zu erschaffen.</p>	0405YQ9BB78	918218	73	3	05/04/2021 16:41:58 MEST		y	4			11				B07SL5FDXL						4045284010396			0	DEFAULT	Modello Amazon predefinito	Active		
Solingen	Material<p>Dieses Rasiermesser besteht aus Kohlenstoffstahl mit der Werkstoffbezeichnung 1.2210, besser bekannt als Silberstahl. Um eine Härte von circa 61 HRC zu erreichen, wird das Material auf über 1000 Grad erhitzt und anschließend sofort mit einem Spezialöl abgeschreckt. Das darauf folgende Anlassen bei etwa 200 Grad gibt der Klinge Elastizität und Zähigkeit. Die Ornamente entstehen durch eine Beschichtung mit 24 karätigem Gold.</p>Griffmaterial<p>Egal ob als Möbelintarsie oder Schmuck - Perlmutt wird seit Jahrhunderten zur luxuriösen Veredlung hochwertiger Erzeugnisse verwendet. Aus ethischen Gründen arbeiten wir ausnahmslos mit einem Perlmutt-Imitat aus Acrylglas. Durch ausgewählte Fertigungsprozesse ist es uns möglich, das irisierende Farbspiel von echtem Perlmutt zu imitieren und gleichzeitig mit den langlebigen Eigenschaften von Acryl zu kombinieren.</p>Schliff<p>Beim Hohlschliff wird das Rasiermesser vom Rücken zur Schneide hin konkav ausgeschliffen. Diese Bauform verbindet große Flexibilität mit hoher Verwindungssteifigkeit in Längsform. Die Klingendynamik sorgt für eine sanfte Rasur begleitet von einem sehr charakteristischen Klang, der durch das Schwingen des Rasiermessers beim Haarabschnitt ausgelöst wird.</p>Klingenbeschreibung<p>Der Rundkopf ist die klassische Form eines Rasiermessers und wird den meisten Rasiersituation gerecht. Diese Klingenausprägung ist seit Jahrhunderten sehr beliebt, da die bauchige Form sehr sicher im Bereich der Ohren, Nase und Grübchen eingesetzt werden kann. Auch im Falle eines Falles schützt dich der runde Kopf vor Verletzungen.</p>Klingenbreite<p>Rasiermesser in der Größe 5/8 Zoll sind echte Allrounder und können jede Aufgabe rund um die klassische Nassrasur mit Bravour bestehen. Die Klinge ist relativ schwer und kann deshalb ohne großen Druck sanft über deine Haut gleiten. Gleichzeitig ist sie noch wendig genug, um auch technisch anspruchsvollere Passagen rund um Nase, Ohren und Kinn agil bewerkstelligen zu können.</p>	0324YZFX4MF	985810	159	4	24/03/2021 12:01:46 MET		y	4			11				B000Q85OJS						4045284007365			0	DEFAULT	Modello Amazon predefinito	Active		
1516-580: Dovo of Solingen - Rasoio a mano libera, 1,5 cm, con manico imitazione tartaruga		0331YGF8S84	123	88.35	0	31/03/2021 13:05:49 MEST		y	1			11				B002A8OR5O						B002A8OR5O			0	DEFAULT	Modello Amazon predefinito	Inactive		
DOVO rasoio a mano libera 100 Best Quality - Rasoio dritto in acciaio al carbonio - 5/8 di pollice - testa rotonda - molatura completa - DOVO Solingen rasoio barbiere		0331YGIRSZG	124	96	0	31/03/2021 13:06:27 MEST		y	1			11				B005HO3B5U						B005HO3B5U			0	DEFAULT	Modello Amazon predefinito	Inactive		
DOVO Abziehriemen 152	Leder<p>Für unsere Riemen verwenden wir ausschließlich vegetabil gegerbtes Rindleder. Diese auch unter dem Namen „Altgerben” bekannte Technik bereitet das Rindleder optimal auf die Nutzung als Streichriemen vor. Das Besondere an diesem Leder ist, dass es keine Vernarbungen oder Unebenheiten aufweist und daher mit seiner weichen Oberfläche perfekt zum Abziehen von Rasiermessern geeignet ist.</p>	0405YQ3XFXH	15240001	49.9	0	05/04/2021 17:25:59 MEST		y	4			11				B002VRXRGO						4045284009178			0	DEFAULT	Modello Amazon predefinito	Inactive		
Bismarck	Material<p>Dieses Rasiermesser besteht aus Kohlenstoffstahl mit der Werkstoffbezeichnung 1.2210, besser bekannt als Silberstahl. Um eine Härte von circa 61 HRC zu erreichen, wird das Material auf über 1000 Grad erhitzt und anschließend sofort mit einem Spezialöl abgeschreckt. Das darauf folgende Anlassen bei etwa 200 Grad gibt der Klinge Elastizität und Zähigkeit. Die Ornamente entstehen durch eine Beschichtung mit 24 karätigem Gold.</p>Griffmaterial<p>Ebenholz zählt zu den wertvollsten Hölzern der Erde. Es ist ausgesprochen hart und schwer. Daher eignet es sich vortrefflich zur Herstellung eines hochwertigen Griffes. Seine Struktur ermöglicht es dem Holz, auch in feuchter Umgebung seine Form zu halten und nicht aufzuquellen. Mehrere Schleifdurchgänge sind nötig, um die seidenweiche Oberfläche zu erschaffen.</p>Schliff<p>Beim Hohlschliff wird das Rasiermesser vom Rücken zur Schneide hin konkav ausgeschliffen. Diese Bauform verbindet große Flexibilität mit hoher Verwindungssteifigkeit in Längsform. Die Klingendynamik sorgt für eine sanfte Rasur begleitet von einem sehr charakteristischen Klang, der durch das Schwingen des Rasiermessers beim Haarabschnitt ausgelöst wird.</p>Klingenbeschreibung<p>Der Rundkopf ist die klassische Form eines Rasiermessers und wird den meisten Rasiersituation gerecht. Diese Klingenausprägung ist seit Jahrhunderten sehr beliebt, da die bauchige Form sehr sicher im Bereich der Ohren, Nase und Grübchen eingesetzt werden kann. Auch im Falle eines Falles schützt dich der runde Kopf vor Verletzungen.</p>Klingenbreite<p>Eine breite Klinge eignet sich vor allem für Herren mit starkem Bartwuchs oder dickeren Haaren. Ein Rasiermesser in 6/8 Zoll gleitet unbeirrt auch durch dichteste Gesichtsbehaarung. Der erfahrene Barbier schätzt das hohe Eigengewicht der Klinge und das daraus resultierende ruhige Laufverhalten. Vor allem auf glatten Gesichtspartien erzielst du so eine unerreicht gründlich sowie komfortable Rasur.</p>	0317YIPSJL1	26810	169	0	17/03/2021 13:42:46 MET		y	4			11				B00G444XXQ						4045284008287			0	DEFAULT	Modello Amazon predefinito	Inactive		
Bismarck	Material<p>Dieses Rasiermesser besteht aus Kohlenstoffstahl mit der Werkstoffbezeichnung 1.2210, besser bekannt als Silberstahl. Um eine Härte von circa 61 HRC zu erreichen, wird das Material auf über 1000 Grad erhitzt und anschließend sofort mit einem Spezialöl abgeschreckt. Das darauf folgende Anlassen bei etwa 200 Grad gibt der Klinge Elastizität und Zähigkeit. Das schwarze Finish erreichen wir durch eine abriebfeste Brünierung.</p>Griffmaterial<p>Ebenholz zählt zu den wertvollsten Hölzern der Erde. Es ist ausgesprochen hart und schwer. Daher eignet es sich vortrefflich zur Herstellung eines hochwertigen Griffes. Seine Struktur ermöglicht es dem Holz, auch in feuchter Umgebung seine Form zu halten und nicht aufzuquellen. Mehrere Schleifdurchgänge sind nötig, um die seidenweiche Oberfläche zu erschaffen.</p>Schliff<p>Beim Hohlschliff wird das Rasiermesser vom Rücken zur Schneide hin konkav ausgeschliffen. Diese Bauform verbindet große Flexibilität mit hoher Verwindungssteifigkeit in Längsform. Die Klingendynamik sorgt für eine sanfte Rasur begleitet von einem sehr charakteristischen Klang, der durch das Schwingen des Rasiermessers beim Haarabschnitt ausgelöst wird.</p>Klingenbeschreibung<p>Der Rundkopf ist die klassische Form eines Rasiermessers und wird den meisten Rasiersituation gerecht. Diese Klingenausprägung ist seit Jahrhunderten sehr beliebt, da die bauchige Form sehr sicher im Bereich der Ohren, Nase und Grübchen eingesetzt werden kann. Auch im Falle eines Falles schützt dich der runde Kopf vor Verletzungen.</p>Klingenbreite<p>Eine breite Klinge eignet sich vor allem für Herren mit starkem Bartwuchs oder dickeren Haaren. Ein Rasiermesser in 6/8 Zoll gleitet unbeirrt auch durch dichteste Gesichtsbehaarung. Der erfahrene Barbier schätzt das hohe Eigengewicht der Klinge und das daraus resultierende ruhige Laufverhalten. Vor allem auf glatten Gesichtspartien erzielst du so eine unerreicht gründlich sowie komfortable Rasur.</p>	0324YZJMJUQ	26830	169	1	24/03/2021 11:48:40 MET		y	4			11				B07JZ5P6XQ						4045284008812			0	DEFAULT	Modello Amazon predefinito	Inactive		
DOVO Hautschere 3650	Material<p>Die Hautschere ist aus Edelstahl mit der Werkstoffkennung 1.4028 hergestellt. Diese moderne Metalllegierung hat sich als besonders zäh und langlebig erwiesen, auch die hervorragende Schärfbarkeit ist positiv herauszustellen. Wir veredeln die Oberfläche des rostfreien Edelstahls mit einer Mattierung, um die einzigartige Haptik und Optik zu unterstreichen.</p>Schliff<p>DOVO Scheren werden vorwiegend in Handarbeit gefertigt. Eine Herausforderung bei der Herstellung hochwertiger Scheren entsteht unter anderem aus der präzisen Abrichtung der Scherenblätter. Damit auch hier minimale Fertigungstoleranzen gewährleistet werden können, versehen unsere erfahrenen Schleifer jede Schere mit einem handgeführten Schliff an Schneide und Spitze.</p>Klingenbeschreibung<p>Eine gebogene Scherenspitze ist ausgezeichnet für die Maniküre geeignet. Die sanfte Biegung hilft dir dabei, beim Schnitt der natürlich runden Form deiner Nägel und Nagelhäute zu folgen. So vermeidest du Ecken und Kanten und musst weniger Zeit in die Nachbearbeitung mit der Nagelfeile stecken. Eine runde Sache!</p>	0405YQ0JJKH	3650356	31	0	05/04/2021 14:38:44 MEST		y	4			11				B005DSEMXK						4045284004487			0	DEFAULT	Modello Amazon predefinito	Inactive		
Bergischer Löwe	Material<p>Dieses Rasiermesser besteht aus Kohlenstoffstahl mit der Werkstoffbezeichnung 1.2210, besser bekannt als Silberstahl. Um eine Härte von circa 61 HRC zu erreichen, wird das Material auf über 1000 Grad erhitzt und anschließend sofort mit einem Spezialöl abgeschreckt. Das darauf folgende Anlassen bei etwa 200 Grad gibt der Klinge Elastizität und Zähigkeit. Die Ornamente entstehen durch eine Beschichtung mit 24 karätigem Gold.</p>Griffmaterial<p>Rinderhorn ist ein besonders edles Material und daher bestens geeignet, um daraus das Heft des BERGISCHEN LÖWEN zu formen. Jedes Griffteil weist eine individuelle Maserung und ein einzigartiges Farbspiel auf. In einem aufwändigen Verfahren wird das afrikanische Horn in Form gebracht, um in einem weiteren Arbeitsschritt aufwendig geschliffen zu werden. Zuletzt wird das Unikat mehrfach feinpoliert.</p>Schliff<p>Beim Hohlschliff wird das Rasiermesser vom Rücken zur Schneide hin konkav ausgeschliffen. Diese Bauform verbindet große Flexibilität mit hoher Verwindungssteifigkeit in Längsform. Die Klingendynamik sorgt für eine sanfte Rasur begleitet von einem sehr charakteristischen Klang, der durch das Schwingen des Rasiermessers beim Haarabschnitt ausgelöst wird.</p>Klingenbeschreibung<p>Der Spanischen Kopf ist eine aufwendig gestaltete Kopfform von Rasiermessern. Das Besondere an diesem Kopf ist, dass er konkav mit einer leicht runden Spitze geformt wird. Diese Rundung erleichtert das Rasieren auch von komplexen Passagen rund um Ohren, Nase und Grübchen. Eine solche Bauart bietet dir hohe Präzision ohne dabei auf ein Mindestmaß an Sicherheit verzichten zu müssen.</p>Klingenbreite<p>Eine breite Klinge eignet sich vor allem für Herren mit starkem Bartwuchs oder dickeren Haaren. Ein Rasiermesser in 6/8 Zoll gleitet unbeirrt auch durch dichteste Gesichtsbehaarung. Der erfahrene Barbier schätzt das hohe Eigengewicht der Klinge und das daraus resultierende ruhige Laufverhalten. Vor allem auf glatten Gesichtspartien erzielst du s	0317YIOWT10	3680	299	0	17/03/2021 13:53:40 MET		y	4			11				B07RVCRZMD						4045284008874			0	DEFAULT	Modello Amazon predefinito	Inactive		
Bergischer Löwe	Material<p>Dieses Rasiermesser besteht aus Kohlenstoffstahl mit der Werkstoffbezeichnung 1.2210, besser bekannt als Silberstahl. Um eine Härte von circa 61 HRC zu erreichen, wird das Material auf über 1000 Grad erhitzt und anschließend sofort mit einem Spezialöl abgeschreckt. Das darauf folgende Anlassen bei etwa 200 Grad gibt der Klinge Elastizität und Zähigkeit. Die Ornamente entstehen durch eine Beschichtung mit 24 karätigem Gold.</p>Griffmaterial<p>Ebenholz zählt zu den wertvollsten Hölzern der Erde. Es ist ausgesprochen hart und schwer. Daher eignet es sich vortrefflich zur Herstellung eines hochwertigen Griffes. Seine Struktur ermöglicht es dem Holz, auch in feuchter Umgebung seine Form zu halten und nicht aufzuquellen. Mehrere Schleifdurchgänge sind nötig, um die seidenweiche Oberfläche zu erschaffen.</p>Schliff<p>Beim Hohlschliff wird das Rasiermesser vom Rücken zur Schneide hin konkav ausgeschliffen. Diese Bauform verbindet große Flexibilität mit hoher Verwindungssteifigkeit in Längsform. Die Klingendynamik sorgt für eine sanfte Rasur begleitet von einem sehr charakteristischen Klang, der durch das Schwingen des Rasiermessers beim Haarabschnitt ausgelöst wird.</p>Klingenbeschreibung<p>Der Spanischen Kopf ist eine aufwendig gestaltete Kopfform von Rasiermessern. Das Besondere an diesem Kopf ist, dass er konkav mit einer leicht runden Spitze geformt wird. Diese Rundung erleichtert das Rasieren auch von komplexen Passagen rund um Ohren, Nase und Grübchen. Eine solche Bauart bietet dir hohe Präzision ohne dabei auf ein Mindestmaß an Sicherheit verzichten zu müssen.</p>Klingenbreite<p>Eine breite Klinge eignet sich vor allem für Herren mit starkem Bartwuchs oder dickeren Haaren. Ein Rasiermesser in 6/8 Zoll gleitet unbeirrt auch durch dichteste Gesichtsbehaarung. Der erfahrene Barbier schätzt das hohe Eigengewicht der Klinge und das daraus resultierende ruhige Laufverhalten. Vor allem auf glatten Gesichtspartien erzielst du so eine unerreicht gründlich sowie kom	0317YIKDL4Q	36830	199	0	17/03/2021 13:59:43 MET		y	4			11				B07QWZJLSY						4045284008881			0	DEFAULT	Modello Amazon predefinito	Inactive		
Barbarossa	Material<p>Dieses Rasiermesser ist aus Edelstahl der Sorte 1.4034 gefertigt. Das Metall zeigt gute Korrosionsbeständigkeit gegen Seifen, Wasser sowie Wasserdampf und ist daher ideal für die Herstellung von hochwertigen und superscharfen Klingen geeignet. Die moderne Metalllegierung ist kaum pflegebedürftig, leicht zu reinigen und somit besonders für Neueinsteiger zu empfehlen. Die Ornamente entstehen durch eine Beschichtung mit 24 karätigem Gold.</p>Griffmaterial<p>Ebenholz zählt zu den wertvollsten Hölzern der Erde. Es ist ausgesprochen hart und schwer. Daher eignet es sich vortrefflich zur Herstellung eines hochwertigen Griffes. Seine Struktur ermöglicht es dem Holz, auch in feuchter Umgebung seine Form zu halten und nicht aufzuquellen. Mehrere Schleifdurchgänge sind nötig, um die seidenweiche Oberfläche zu erschaffen.</p>Schliff<p>Beim Hohlschliff wird das Rasiermesser vom Rücken zur Schneide hin konkav ausgeschliffen. Diese Bauform verbindet große Flexibilität mit hoher Verwindungssteifigkeit in Längsform. Die Klingendynamik sorgt für eine sanfte Rasur begleitet von einem sehr charakteristischen Klang, der durch das Schwingen des Rasiermessers beim Haarabschnitt ausgelöst wird.</p>Klingenbeschreibung<p>Der Spanischen Kopf ist eine aufwendig gestaltete Kopfform von Rasiermessern. Das Besondere an diesem Kopf ist, dass er konkav mit einer leicht runden Spitze geformt wird. Diese Rundung erleichtert das Rasieren auch von komplexen Passagen rund um Ohren, Nase und Grübchen. Eine solche Bauart bietet dir hohe Präzision ohne dabei auf ein Mindestmaß an Sicherheit verzichten zu müssen.</p>Klingenbreite<p>Rasiermesser in der Größe 5/8 Zoll sind echte Allrounder und können jede Aufgabe rund um die klassische Nassrasur mit Bravour bestehen. Die Klinge ist relativ schwer und kann deshalb ohne großen Druck sanft über deine Haut gleiten. Gleichzeitig ist sie noch wendig genug, um auch technisch anspruchsvollere Passagen rund um Nase, Ohren und Kinn agil bewerkstelligen zu kö	0401YJ7RJ5R	45581	135.5	0	01/04/2021 13:53:43 MEST		y	4			11				B07JZG41JS						4045284008829			0	DEFAULT	Modello Amazon predefinito	Inactive		
Prima	Material<p>Dieses Rasiermesser besteht aus Kohlenstoffstahl mit der Werkstoffbezeichnung 1.2210, besser bekannt als Silberstahl. Um eine Härte von circa 61 HRC zu erreichen, wird das Material auf über 800 Grad erhitzt und anschließend sofort mit einem Spezialöl abgeschreckt. Das darauf folgende Anlassen bei etwa 200 Grad gibt der Klinge Elastizität und Zähigkeit. Die Ornamente entstehen durch eine Beschichtung mit 24 karätigem Gold.</p>Griffmaterial<p>Rinderhorn ist ein besonders edles Material und daher bestens geeignet, um daraus das Heft des BERGISCHEN LÖWEN zu formen. Jedes Griffteil weist eine individuelle Maserung und ein einzigartiges Farbspiel auf. In einem aufwändigen Verfahren wird das afrikanische Horn in Form gebracht, um in einem weiteren Arbeitsschritt aufwendig geschliffen zu werden. Zuletzt wird das Unikat mehrfach feinpoliert.</p>Schliff<p>Beim Hohlschliff wird das Rasiermesser vom Rücken zur Schneide hin konkav ausgeschliffen. Diese Bauform verbindet große Flexibilität mit hoher Verwindungssteifigkeit in Längsform. Die Klingendynamik sorgt für eine sanfte Rasur begleitet von einem sehr charakteristischen Klang, der durch das Schwingen des Rasiermessers beim Haarabschnitt ausgelöst wird.</p>Klingenbeschreibung<p>Der Rundkopf ist die klassische Form eines Rasiermessers und wird den meisten Rasiersituation gerecht. Diese Klingenausprägung ist seit Jahrhunderten sehr beliebt, da die bauchige Form sehr sicher im Bereich der Ohren, Nase und Grübchen eingesetzt werden kann. Auch im Falle eines Falles schützt dich der runde Kopf vor Verletzungen.</p>Klingenbreite<p>Rasiermesser in der Größe 5/8 Zoll sind echte Allrounder und können jede Aufgabe rund um die klassische Nassrasur mit Bravour bestehen. Die Klinge ist relativ schwer und kann deshalb ohne großen Druck sanft über deine Haut gleiten. Gleichzeitig ist sie noch wendig genug, um auch technisch anspruchsvollere Passagen rund um Nase, Ohren und Kinn agil bewerkstelligen zu können.</p>	0323YXF42B1	45850	229	0	23/03/2021 18:52:31 MET		y	4			11				B07ZWPKXGN						4045284008928			0	DEFAULT	Modello Amazon predefinito	Inactive		
DOVO Rasierständer 499	Material<p>Dieses Instrument ist aus Edelstahl der Sorte 1.4034 gefertigt. Die Metalllegierung zeigt gute Korrosionsbeständigkeit gegen Seife oder Wasserdampf und ist daher ideal für die Herstellung hochwertiger Scheren geeignet. Darüber hinaus verfügt das Material über eine gute Schnitthaltigkeit und lässt sich präzise schleifen. Die mattierte Oberfläche fühlt sich ausgesprochen wertig an und kann auch mit feuchten Händen noch sicher gegriffen werden.</p>	0405YQ5LVBR	499906	63.3	0	05/04/2021 17:01:34 MEST		y	4			11				B00IUHMHGA						4045284010150			0	DEFAULT	Modello Amazon predefinito	Inactive		
DOVO Nagelknipser 502	Material<p>Dieses Instrument ist aus Edelstahl der Sorte 1.4034 gefertigt. Die Metalllegierung zeigt gute Korrosionsbeständigkeit gegen Seife oder Wasserdampf und ist daher ideal für die Herstellung hochwertiger Scheren geeignet. Darüber hinaus verfügt das Material über eine gute Schnitthaltigkeit und lässt sich präzise schleifen. Die mattierte Oberfläche fühlt sich ausgesprochen wertig an und kann auch mit feuchten Händen noch sicher gegriffen werden.</p>Leder<p>Wir verwenden für dieses Produkt ausschließlich Rindleder. Die Stabilität und Zugfestigkeit eignet sich hervorragend für die Herstellung hochwertiger und langlebiger Erzeugnisse. Gerne kannst du das Leder von Zeit zu Zeit mit einem Pflegemittel behandeln, um den natürlichen Geruch und die Flexibilität über Jahre hinweg aufrecht zu halten.</p>	0405YQ89DJB	502006	29	0	05/04/2021 17:24:08 MEST		y	4			11				B003GTZH14						4045284016831			0	DEFAULT	Modello Amazon predefinito	Inactive		
DOVO Nagelknipser 504	Material<p>Dieses Instrument ist aus Edelstahl der Sorte 1.4034 gefertigt. Die Metalllegierung zeigt gute Korrosionsbeständigkeit gegen Seife oder Wasserdampf und ist daher ideal für die Herstellung hochwertiger Scheren geeignet. Darüber hinaus verfügt das Material über eine gute Schnitthaltigkeit und lässt sich präzise schleifen. Die mattierte Oberfläche fühlt sich ausgesprochen wertig an und kann auch mit feuchten Händen noch sicher gegriffen werden.</p>Leder<p>Wir verwenden für dieses Produkt ausschließlich Rindleder. Die Stabilität und Zugfestigkeit eignet sich hervorragend für die Herstellung hochwertiger und langlebiger Erzeugnisse. Gerne kannst du das Leder von Zeit zu Zeit mit einem Pflegemittel behandeln, um den natürlichen Geruch und die Flexibilität über Jahre hinweg aufrecht zu halten.</p>	0405YQ8AUNV	504006	34	0	05/04/2021 17:26:25 MEST		y	4			11				B003SP9BGS						4045284016855			0	DEFAULT	Modello Amazon predefinito	Inactive		
Rasiercreme 514 Eukalyptus	Inhaltsstoffe<p>stearic acid, cocos nucifera oil, potassium hydroxide butyrospermum parkil butter, aqua, prunus amygdalus duicis oil, hellanthus annus seed oil, theobroma cacao butterm ricinus communis oil, eucaliptus globuius oil, linum usutatissimum oil, parfum, sodium carbonate, oryza sativa starch, titanium dioxide, citric acid, lecithin, ascorbyl, palmitate, tocopherol, hydrogenated lanolin, propolis extract, glycerin, citral</p>Hersteller<p>CIBE Iaboratori sri<br> Via Divizia 3E<br> 17051 Andora (SV)<br> Italien</p>Anwendungshinweis<p>Rasierseife zur äußerlichen Anwendung auf der Haut. Die Seife zuerst mit etwas warmen Wasser und einem Pinsel aufschäumen und dann auf die Haut auftragen. Einwirkzeit: Drei Minuten. Die Seife sollte innerhalb von 24 Monaten aufgebraucht werden.</p>	0401YJ47FLH	514002	17.5	0	01/04/2021 13:53:43 MEST		y	4			11				B005FFEN5S						4045284010082			0	DEFAULT	Modello Amazon predefinito	Inactive		
DOVO Nagelschere Lanza 525	Material<p>Dieses Instrument ist aus Edelstahl der Sorte 1.4034 gefertigt. Die Metalllegierung zeigt gute Korrosionsbeständigkeit gegen Seife oder Wasserdampf und ist daher ideal für die Herstellung hochwertiger Scheren geeignet. Darüber hinaus verfügt das Material über eine gute Schnitthaltigkeit und lässt sich präzise schleifen. Die mattierte Oberfläche fühlt sich ausgesprochen wertig an und kann auch mit feuchten Händen noch sicher gegriffen werden.</p>Schliff<p>Diese DOVO Schere ist mit unserem einseitig gezahnten Handschliff ausgestattet. Durch das Abziehen der Schneide auf einer Platte entsteht eine feine Riffelung. Diese Struktur hindert Haare, Barthaare, Fingernägel oder Nagelhaut dabei, von der Schneidkante abzurutschen. Daraus ergibt sich eine herausragend exakte und sichere Schnittführung.</p>	0405YQ86V6W	525356	52.6	0	05/04/2021 17:30:55 MEST		y	4			11				B000G0EKXC						4045284004371			0	DEFAULT	Modello Amazon predefinito	Inactive		
DOVO Nagelschere 5650	Material<p>Dieses Instrument ist aus Edelstahl der Sorte 1.4034 gefertigt. Die Metalllegierung zeigt gute Korrosionsbeständigkeit gegen Seife oder Wasserdampf und ist daher ideal für die Herstellung hochwertiger Scheren geeignet. Darüber hinaus verfügt das Material über eine gute Schnitthaltigkeit und lässt sich präzise schleifen. Die mattierte Oberfläche fühlt sich ausgesprochen wertig an und kann auch mit feuchten Händen noch sicher gegriffen werden.</p>Schliff<p>DOVO Scheren werden vorwiegend in Handarbeit gefertigt. Eine Herausforderung bei der Herstellung hochwertiger Scheren entsteht unter anderem aus der präzisen Abrichtung der Scherenblätter. Damit auch hier minimale Fertigungstoleranzen gewährleistet werden können, versehen unsere erfahrenen Schleifer jede Schere mit einem handgeführten Schliff an Schneide und Spitze.</p>Klingenbeschreibung<p>Eine gebogene Scherenspitze ist ausgezeichnet für die Maniküre geeignet. Die sanfte Biegung hilft dir dabei, beim Schnitt der natürlich runden Form deiner Nägel und Nagelhäute zu folgen. So vermeidest du Ecken und Kanten und musst weniger Zeit in die Nachbearbeitung mit der Nagelfeile stecken. Eine runde Sache!</p>	0405YQD6OFT	5650356	32	0	05/04/2021 17:00:31 MEST		y	4			11				B001CEL95I						4045284004517			0	DEFAULT	Modello Amazon predefinito	Inactive		
DOVO Bartschere 43 Moustache	Material<p>Dieses Instrument ist aus Edelstahl der Sorte 1.4034 gefertigt. Die Metalllegierung zeigt gute Korrosionsbeständigkeit gegen Seife oder Wasserdampf und ist daher ideal für die Herstellung hochwertiger Scheren geeignet. Darüber hinaus verfügt das Material über eine gute Schnitthaltigkeit und lässt sich präzise schleifen. Die mattierte Oberfläche fühlt sich ausgesprochen wertig an und kann auch mit feuchten Händen noch sicher gegriffen werden.</p>Schliff<p>Diese DOVO Schere ist mit unserem einseitig gezahnten Handschliff ausgestattet. Durch das Abziehen der Schneide auf einer Platte entsteht eine feine Riffelung. Diese Struktur hindert Haare, Barthaare, Fingernägel oder Nagelhaut dabei, von der Schneidkante abzurutschen. Daraus ergibt sich eine herausragend exakte und sichere Schnittführung.</p>Klingenbeschreibung<p>Bei Haar- und Bartscheren hat sich die Konstruktion mit einem bündigen Schliff als besonders vorteilhaft etabliert. Im Detail bedeutet das, dass die Scherenbecken vorne nicht spitz, sondern abgerundet sind. Das minimiert das Verletzungsrisiko und ist bei der Nutzung von Scheren im Gesichtsbereich zu empfehlen.</p>Leder<p>Wir verwenden für dieses Produkt ausschließlich Rindleder. Die Stabilität und Zugfestigkeit eignet sich hervorragend für die Herstellung hochwertiger und langlebiger Erzeugnisse. Gerne kannst du das Leder von Zeit zu Zeit mit einem Pflegemittel behandeln, um den natürlichen Geruch und die Flexibilität über Jahre hinweg aufrecht zu halten.</p>	0405YQ5VNIN	585056	58.49	0	05/04/2021 17:33:15 MEST		y	4			11				B07KCNWBQJ						4045284026755			0	DEFAULT	Modello Amazon predefinito	Inactive		
DOVO - Custodia per rasoio 902		0405YQ9R8GO	9022011	15	0	05/04/2021 17:29:38 MEST		y	4			11				B00JH3RP40						4045284024423			0	DEFAULT	Modello Amazon predefinito	Inactive		
MERKUR Rasierer 34C	Material<p>Der Kopf des Hobels wird im Zinkdruckgussverfahren gefertigt, da so sehr exakte Fertigungstoleranzen und komplexe Formen möglich sind. Um für eine angenehme Gewichtsverteilung zu sorgen, verwenden wir beim Griffstück ausschließlich Messing. Das Chromfinish schützt den Rasierer vor Korrosion und unterstreicht das hochwertige Design.</p>Klingenbeschreibung<p>Ein Rasierhobel mit geschlossenem Kamm ist der Alleskönner rund um die klassische Nassrasur. Intuitiv wirst du den richtigen Anstellwinkel deines Hobels erfühlen und sofort beste Rasurergebnisse bewundern können. Der großzügige Klingenspalt ermöglicht hohen Seifendurchfluss und schützt dadurch den Rasierkopf vor der Verstopfung mit abgeschnittenen Haaren oder Schaumresten.</p>	0223Y9PIKHO	9034001	43.9	20	23/02/2021 10:54:21 MET		y	4			11				B004AH848E						4045284011133			0	DEFAULT	Modello Amazon predefinito	Inactive		
MERKUR Rasierer 38C Black Handle	Material<p>Der Kopf des Hobels wird im Zinkdruckgussverfahren gefertigt, da so sehr exakte Fertigungstoleranzen und komplexe Formen möglich sind. Das Griffstück besteht aus schwarz eloxiertem Aluminium und Messing, sodass der Rasierer nicht nur über eine besondere Optik verfügt, sondern auch vortrefflich in der Hand liegt. Die galvanische Beschichtung schützt ihn vor Korrosion und rundet das Design ab.</p>Klingenbeschreibung<p>Ein Rasierhobel mit geschlossenem Kamm ist der Alleskönner rund um die klassische Nassrasur. Intuitiv wirst du den richtigen Anstellwinkel deines Hobels erfühlen und sofort beste Rasurergebnisse bewundern können. Der großzügige Klingenspalt ermöglicht hohen Seifendurchfluss und schützt dadurch den Rasierkopf vor der Verstopfung mit abgeschnittenen Haaren oder Schaumresten.</p>	0405YQB9WX6	9038011	56.9	2	05/04/2021 16:52:08 MEST		y	4			11				B004V59IYE						4045284012659			0	DEFAULT	Modello Amazon predefinito	Inactive		
MERKUR Rasierset 46C	Klingenbeschreibung<p>Ein Rasierhobel mit geschlossenem Kamm ist der Alleskönner rund um die klassische Nassrasur. Intuitiv wirst du den richtigen Anstellwinkel deines Hobels erfühlen und sofort beste Rasurergebnisse bewundern können. Der großzügige Klingenspalt ermöglicht hohen Seifendurchfluss und schützt dadurch den Rasierkopf vor der Verstopfung mit abgeschnittenen Haaren oder Schaumresten.</p>Leder<p>Wir verwenden für dieses Produkt ausschließlich Rindleder. Die Stabilität und Zugfestigkeit eignet sich hervorragend für die Herstellung hochwertiger und langlebiger Erzeugnisse. Gerne kannst du das Leder von Zeit zu Zeit mit einem Pflegemittel behandeln, um den natürlichen Geruch und die Flexibilität über Jahre hinweg aufrecht zu halten.</p>Lieferumfang<p>MERKUR 46C <br> Lederetui Rindleder schwarz <br> Blister MERKUR SUPER Klingen (10 Stück) 90910010 <br> Faltschachel <br> MERKUR SUPER Rasierklinge</p>	0219YZGUKPR	9046002	67.9	5	19/02/2021 10:57:18 MET		y	4			11				B009CW9A58						4045284012888			0	DEFAULT	Modello Amazon predefinito	Inactive		
Merkur Rasoio di Sicurezza - 122 gr		0405YQAI4PJ	90701001	78.9	0	05/04/2021 16:46:56 MEST		y	4			11				B00375BUQ8						4045284011751			0	DEFAULT	Modello Amazon predefinito	Inactive		
Shaving Factory Merkur Traditionell Platin Sicherheits-lamette da barba, 1 pacchetto (1 x 1 PZ)		0405YQ5V11U	90910010	6.5	0	05/04/2021 17:31:43 MEST		y	1			11				B000JPMHWK						B000JPMHWK			0	DEFAULT	Modello Amazon predefinito	Inactive		
Rasierklingen DOVO SUPER PLATINUM	Material<p>Diese Rasierklingen werden aus Edelstahl gefertigt. Das Metall zeigt gute Beständigkeit gegen Korrosion und eignet sich auch aufgrund seiner Härte im vergüteten Zustand perfekt für die Herstellung hochwertiger Klingen. Darüber hinaus sind die Klingen Platin beschichtet und wir belegen sie zusätzlich mit einer Antihaftbeschichtung, so gleiten Rasierhobel oder Shavette sanft und mühelos über die Haut.</p>	0401YJ5B1XX	9091010086	59	0	01/04/2021 13:53:43 MEST		y	4			11				B084MKTRRM						4045284013014			0	DEFAULT	Modello Amazon predefinito	Inactive		
Rasierpinsel Ebenholz Dachs	DOVO Rasierpinsel <p>Dieser Rasierpinsel wird, wie alle unsere Pinsel, in Handarbeit hergestellt und sein echter Dachszupf bringt Erinnerungen an deinen letzten Barbierbesuch ins Badezimmer. Dank seines Griffs aus edlem Ebenholz wird dieser Rasierpinsel auch optisch zu einem Hingucker.</p>	0401YJ5SOA2	918217	75	0	01/04/2021 13:53:43 MEST		y	4			11				B0875RHZ4S						4045284010389			0	DEFAULT	Modello Amazon predefinito	Inactive		
Bergischer Löwe		0309YOWCU84	10581193			09/03/2021 20:08:34 MET		y	1			11				B002A8N3EA						B002A8N3EA				AMAZON_EU	Modello Amazon predefinito	Incomplete		
Solingen		0309YNRE8TN	12581319			09/03/2021 20:08:34 MET		y	1			11				B000Q85OJS						B000Q85OJS				AMAZON_EU	Modello Amazon predefinito	Incomplete		
